user_id	Gender	userID
196	M	0
186	F	1
22	M	2
244	M	3
166	M	4
298	M	5
115	M	6
253	F	7
305	M	8
6	M	9
62	F	10
286	M	11
200	M	12
210	M	13
224	F	14
303	M	15
122	F	16
194	M	17
291	M	18
234	M	19
119	M	20
167	M	21
299	M	22
308	M	23
95	M	24
38	F	25
102	M	26
63	M	27
160	M	28
50	M	29
301	M	30
225	F	31
290	M	32
97	M	33
157	M	34
181	M	35
278	F	36
276	M	37
7	M	38
10	M	39
284	M	40
201	M	41
287	M	42
246	M	43
242	M	44
249	M	45
99	M	46
178	M	47
251	M	48
81	M	49
260	F	50
25	M	51
59	M	52
72	F	53
87	M	54
42	M	55
292	F	56
20	F	57
13	M	58
138	M	59
60	M	60
57	M	61
223	F	62
189	M	63
243	M	64
92	M	65
241	F	66
254	M	67
293	M	68
127	M	69
222	M	70
267	M	71
11	F	72
8	M	73
162	M	74
279	M	75
145	M	76
28	M	77
135	M	78
32	F	79
90	M	80
216	M	81
250	M	82
271	M	83
265	M	84
198	F	85
168	M	86
110	M	87
58	M	88
237	M	89
94	M	90
128	F	91
44	M	92
264	F	93
41	M	94
82	M	95
262	F	96
174	F	97
43	F	98
84	M	99
269	F	100
259	M	101
85	M	102
213	M	103
121	M	104
49	F	105
155	F	106
68	M	107
172	M	108
19	M	109
268	M	110
5	F	111
80	F	112
66	M	113
18	F	114
26	M	115
130	M	116
256	F	117
1	M	118
56	M	119
15	F	120
207	M	121
232	M	122
52	F	123
161	M	124
148	M	125
125	M	126
83	M	127
272	M	128
151	F	129
54	M	130
16	M	131
91	M	132
294	M	133
229	F	134
36	F	135
70	M	136
14	M	137
295	M	138
233	M	139
214	F	140
192	M	141
100	M	142
307	M	143
297	F	144
193	M	145
113	M	146
275	M	147
219	M	148
218	M	149
123	F	150
158	M	151
302	M	152
23	F	153
296	F	154
33	M	155
154	M	156
77	M	157
270	F	158
187	M	159
170	F	160
101	M	161
184	M	162
112	M	163
133	M	164
215	M	165
69	M	166
104	M	167
240	F	168
144	M	169
191	M	170
61	M	171
142	M	172
177	M	173
203	F	174
21	M	175
197	M	176
134	M	177
180	F	178
236	F	179
263	M	180
109	M	181
64	M	182
114	M	183
239	M	184
117	M	185
65	F	186
137	M	187
257	M	188
111	M	189
285	M	190
96	F	191
116	M	192
73	M	193
221	M	194
235	M	195
164	M	196
281	F	197
182	M	198
129	F	199
45	M	200
131	F	201
230	F	202
126	F	203
231	M	204
280	F	205
288	M	206
152	F	207
217	M	208
79	F	209
75	M	210
245	M	211
282	M	212
78	M	213
118	M	214
283	M	215
171	F	216
107	M	217
226	M	218
306	M	219
173	M	220
185	F	221
150	F	222
274	F	223
188	M	224
48	M	225
311	M	226
165	F	227
208	M	228
2	F	229
205	M	230
248	M	231
93	M	232
159	F	233
146	M	234
29	M	235
156	M	236
37	M	237
141	M	238
195	M	239
108	M	240
47	M	241
255	M	242
89	F	243
140	F	244
190	M	245
24	F	246
17	M	247
313	M	248
53	M	249
124	M	250
149	F	251
176	M	252
106	M	253
312	M	254
175	F	255
153	M	256
220	M	257
143	M	258
199	M	259
202	F	260
277	F	261
206	F	262
76	M	263
314	F	264
136	M	265
179	M	266
4	M	267
304	F	268
3	M	269
227	M	270
252	M	271
212	F	272
310	M	273
35	F	274
147	F	275
105	M	276
34	F	277
71	M	278
51	M	279
204	F	280
315	M	281
31	M	282
316	F	283
103	M	284
318	M	285
30	M	286
120	F	287
46	F	288
289	M	289
209	F	290
261	M	291
88	F	292
9	M	293
247	M	294
321	F	295
266	F	296
74	M	297
238	F	298
319	M	299
323	M	300
67	M	301
211	M	302
98	F	303
12	F	304
40	M	305
258	F	306
228	F	307
325	M	308
320	M	309
326	M	310
327	M	311
183	M	312
328	M	313
322	M	314
330	F	315
27	F	316
331	M	317
332	M	318
329	M	319
86	M	320
139	M	321
300	F	322
163	M	323
333	M	324
334	M	325
39	M	326
324	F	327
132	M	328
336	M	329
335	M	330
169	F	331
338	F	332
339	M	333
309	M	334
342	F	335
340	M	336
317	M	337
341	F	338
343	M	339
344	F	340
345	F	341
346	M	342
347	M	343
273	F	344
55	M	345
349	M	346
348	F	347
354	F	348
351	M	349
358	M	350
352	F	351
360	M	352
363	M	353
355	M	354
362	F	355
357	M	356
356	F	357
361	M	358
365	M	359
350	M	360
367	M	361
368	M	362
371	M	363
373	F	364
370	M	365
374	M	366
372	F	367
337	M	368
378	M	369
366	F	370
377	M	371
375	M	372
359	M	373
379	M	374
380	M	375
381	M	376
385	M	377
382	M	378
387	M	379
364	M	380
369	M	381
388	M	382
386	M	383
389	F	384
383	M	385
390	F	386
393	M	387
392	M	388
376	F	389
394	M	390
391	M	391
398	M	392
397	M	393
399	M	394
396	M	395
401	F	396
402	M	397
384	M	398
395	M	399
353	M	400
403	M	401
405	F	402
400	F	403
406	M	404
407	M	405
409	M	406
404	F	407
413	M	408
416	F	409
408	M	410
410	F	411
411	M	412
417	F	413
412	M	414
420	M	415
422	M	416
425	M	417
419	M	418
415	M	419
423	M	420
429	M	421
428	M	422
427	M	423
418	F	424
424	F	425
432	M	426
421	F	427
435	M	428
433	M	429
426	M	430
436	F	431
430	M	432
434	F	433
437	F	434
438	F	435
431	M	436
442	M	437
440	M	438
445	M	439
447	M	440
449	M	441
450	F	442
446	M	443
439	F	444
451	M	445
452	M	446
454	M	447
453	M	448
414	M	449
455	M	450
444	F	451
448	M	452
457	F	453
456	M	454
458	M	455
462	F	456
459	M	457
460	F	458
461	M	459
467	M	460
468	M	461
466	M	462
472	M	463
465	M	464
463	F	465
471	M	466
474	M	467
469	M	468
464	M	469
476	M	470
478	M	471
473	M	472
470	M	473
480	M	474
441	M	475
479	M	476
484	M	477
486	M	478
487	M	479
482	F	480
481	M	481
492	M	482
493	M	483
490	F	484
483	M	485
489	M	486
496	F	487
494	F	488
495	M	489
477	F	490
497	M	491
488	M	492
498	M	493
499	M	494
491	F	495
500	M	496
502	M	497
503	F	498
504	F	499
505	F	500
506	M	501
443	M	502
507	F	503
514	M	504
508	M	505
511	M	506
515	M	507
512	M	508
513	M	509
475	M	510
523	F	511
518	F	512
509	M	513
516	F	514
510	M	515
524	M	516
501	M	517
525	F	518
521	M	519
520	M	520
528	M	521
532	M	522
530	M	523
531	F	524
529	F	525
517	M	526
527	M	527
485	F	528
519	M	529
533	M	530
535	F	531
536	M	532
526	M	533
537	M	534
534	M	535
541	F	536
538	M	537
542	M	538
545	M	539
539	F	540
547	M	541
543	M	542
548	M	543
546	M	544
522	M	545
551	M	546
544	F	547
553	M	548
552	M	549
540	M	550
554	M	551
550	F	552
556	F	553
559	M	554
560	M	555
561	M	556
563	F	557
566	M	558
557	F	559
558	F	560
564	M	561
565	M	562
573	M	563
549	M	564
567	M	565
569	M	566
562	F	567
576	M	568
577	F	569
579	M	570
574	M	571
555	F	572
572	M	573
575	M	574
584	M	575
588	F	576
587	M	577
568	M	578
586	M	579
582	M	580
591	F	581
581	M	582
592	M	583
580	M	584
590	M	585
585	M	586
593	F	587
583	M	588
596	M	589
570	M	590
599	F	591
589	M	592
594	M	593
597	M	594
578	M	595
601	F	596
602	F	597
600	M	598
605	M	599
603	M	600
595	M	601
606	M	602
608	M	603
607	F	604
610	M	605
611	M	606
617	F	607
618	F	608
614	M	609
609	F	610
615	M	611
616	M	612
620	F	613
571	M	614
619	M	615
613	F	616
622	M	617
621	M	618
604	M	619
624	M	620
612	M	621
627	M	622
623	F	623
628	M	624
625	M	625
629	F	626
633	M	627
632	M	628
631	F	629
634	M	630
639	F	631
630	F	632
642	F	633
637	M	634
640	M	635
626	M	636
643	M	637
598	F	638
638	M	639
635	M	640
644	M	641
636	M	642
645	M	643
648	M	644
647	M	645
650	M	646
651	M	647
654	F	648
653	M	649
655	F	650
649	M	651
658	M	652
656	M	653
660	M	654
659	M	655
646	F	656
663	M	657
664	M	658
657	F	659
665	M	660
666	M	661
661	M	662
662	M	663
667	M	664
641	M	665
668	F	666
673	M	667
671	M	668
669	M	669
676	M	670
674	F	671
652	M	672
677	M	673
682	M	674
679	F	675
684	M	676
685	F	677
683	M	678
691	M	679
672	F	680
692	M	681
690	M	682
689	M	683
686	M	684
693	F	685
688	F	686
697	M	687
698	F	688
670	M	689
694	M	690
680	M	691
705	F	692
701	F	693
699	M	694
704	F	695
707	F	696
700	M	697
687	F	698
695	M	699
675	M	700
708	F	701
709	M	702
711	F	703
710	M	704
712	F	705
715	M	706
713	F	707
716	F	708
681	F	709
678	M	710
719	F	711
702	M	712
721	F	713
714	M	714
717	M	715
718	M	716
696	M	717
722	F	718
724	M	719
727	M	720
725	M	721
706	M	722
720	F	723
729	M	724
726	F	725
728	M	726
703	M	727
738	M	728
736	F	729
734	F	730
730	F	731
743	M	732
742	M	733
737	M	734
733	F	735
745	M	736
740	F	737
735	F	738
747	M	739
723	M	740
739	M	741
749	M	742
748	M	743
746	M	744
731	F	745
750	M	746
741	M	747
751	F	748
756	F	749
757	M	750
752	M	751
758	M	752
732	F	753
762	M	754
744	M	755
754	F	756
753	M	757
763	M	758
764	F	759
767	M	760
769	M	761
755	F	762
771	M	763
768	M	764
773	M	765
765	M	766
772	M	767
766	M	768
774	M	769
760	F	770
761	M	771
777	M	772
759	F	773
776	M	774
780	M	775
779	M	776
778	M	777
782	F	778
786	F	779
784	M	780
770	M	781
788	M	782
789	M	783
790	M	784
787	F	785
783	M	786
785	M	787
794	M	788
781	M	789
796	F	790
795	M	791
793	M	792
798	F	793
791	M	794
802	M	795
800	M	796
804	M	797
803	M	798
775	M	799
792	M	800
799	F	801
805	F	802
806	M	803
807	F	804
797	F	805
801	M	806
809	F	807
815	M	808
817	M	809
821	M	810
818	M	811
814	M	812
812	M	813
823	M	814
825	M	815
827	F	816
829	M	817
811	F	818
830	M	819
826	M	820
831	M	821
808	M	822
828	M	823
835	F	824
833	M	825
836	M	826
816	M	827
838	M	828
839	F	829
840	M	830
819	M	831
832	M	832
810	F	833
844	M	834
843	M	835
834	M	836
846	M	837
837	F	838
813	F	839
842	M	840
847	M	841
848	M	842
822	F	843
852	M	844
851	M	845
849	F	846
854	F	847
850	M	848
858	M	849
853	M	850
855	M	851
824	M	852
845	M	853
841	M	854
859	F	855
862	M	856
856	F	857
820	M	858
863	M	859
860	F	860
857	F	861
864	M	862
865	M	863
868	M	864
867	M	865
861	F	866
870	M	867
871	M	868
875	F	869
876	M	870
872	F	871
866	M	872
877	M	873
873	F	874
880	M	875
878	F	876
869	M	877
881	M	878
879	F	879
883	M	880
882	M	881
884	M	882
886	M	883
885	F	884
889	M	885
874	M	886
892	M	887
890	M	888
893	M	889
887	F	890
891	F	891
894	M	892
896	M	893
897	M	894
901	M	895
899	M	896
903	M	897
904	F	898
907	F	899
905	M	900
902	F	901
898	M	902
895	F	903
906	M	904
900	M	905
908	F	906
916	M	907
911	F	908
912	M	909
914	F	910
918	M	911
919	M	912
921	F	913
910	M	914
913	M	915
915	M	916
922	F	917
923	M	918
928	M	919
927	M	920
924	M	921
929	M	922
931	M	923
917	F	924
932	M	925
909	F	926
934	M	927
933	M	928
935	M	929
938	F	930
940	M	931
888	M	932
925	F	933
942	F	934
937	M	935
926	M	936
943	M	937
939	F	938
936	M	939
930	F	940
920	F	941
941	M	942
