item_id	MovieID
0	0
1	1
2	2
3	3
4	4
5	5
6	6
7	7
8	8
9	9
10	10
11	11
12	12
13	13
14	14
15	15
16	16
17	17
18	18
19	19
20	20
21	21
22	22
23	23
24	24
25	25
26	26
27	27
28	28
29	29
30	30
31	31
32	32
33	33
34	34
35	35
36	36
37	37
38	38
39	39
40	40
41	41
42	42
43	43
44	44
45	45
46	46
47	47
49	48
50	49
51	50
52	51
53	52
54	53
55	54
56	55
57	56
58	57
59	58
60	59
61	60
62	61
63	62
64	63
65	64
67	65
68	66
69	67
70	68
71	69
72	70
73	71
74	72
75	73
76	74
77	75
78	76
79	77
80	78
81	79
82	80
83	81
84	82
85	83
86	84
87	85
88	86
89	87
90	88
91	89
92	90
93	91
94	92
95	93
96	94
97	95
98	96
99	97
100	98
101	99
102	100
103	101
104	102
105	103
107	104
109	105
110	106
111	107
112	108
113	109
114	110
115	111
116	112
117	113
118	114
119	115
120	116
121	117
122	118
123	119
124	120
125	121
126	122
127	123
128	124
129	125
130	126
131	127
132	128
133	129
135	130
136	131
137	132
138	133
139	134
140	135
141	136
142	137
144	138
145	139
146	140
147	141
148	142
149	143
150	144
151	145
152	146
153	147
154	148
155	149
156	150
157	151
158	152
159	153
160	154
161	155
162	156
163	157
164	158
165	159
166	160
167	161
168	162
169	163
170	164
171	165
172	166
173	167
174	168
175	169
176	170
177	171
178	172
179	173
180	174
181	175
182	176
183	177
184	178
185	179
186	180
187	181
188	182
189	183
190	184
191	185
192	186
193	187
194	188
195	189
196	190
197	191
198	192
199	193
200	194
201	195
202	196
203	197
204	198
206	199
208	200
209	201
210	202
211	203
212	204
213	205
214	206
215	207
216	208
217	209
218	210
219	211
220	212
221	213
223	214
224	215
225	216
226	217
227	218
228	219
230	220
231	221
232	222
233	223
234	224
235	225
236	226
237	227
238	228
239	229
240	230
241	231
242	232
243	233
244	234
245	235
246	236
247	237
248	238
249	239
250	240
251	241
252	242
253	243
254	244
255	245
256	246
257	247
258	248
259	249
260	250
261	251
262	252
263	253
264	254
265	255
266	256
267	257
268	258
269	259
270	260
271	261
273	262
274	263
275	264
276	265
277	266
278	267
279	268
280	269
281	270
282	271
283	272
284	273
285	274
286	275
287	276
288	277
289	278
290	279
291	280
292	281
293	282
294	283
295	284
296	285
297	286
298	287
299	288
300	289
301	290
302	291
303	292
304	293
305	294
307	295
308	296
309	297
310	298
311	299
312	300
313	301
314	302
315	303
316	304
317	305
318	306
319	307
320	308
321	309
322	310
323	311
324	312
325	313
326	314
327	315
328	316
329	317
330	318
331	319
332	320
333	321
334	322
335	323
336	324
337	325
338	326
339	327
340	328
341	329
342	330
343	331
344	332
345	333
346	334
347	335
349	336
350	337
351	338
352	339
353	340
354	341
355	342
356	343
357	344
358	345
359	346
360	347
361	348
362	349
363	350
364	351
365	352
366	353
367	354
368	355
369	356
370	357
371	358
372	359
373	360
374	361
375	362
376	363
377	364
378	365
379	366
380	367
381	368
382	369
383	370
384	371
385	372
386	373
387	374
388	375
389	376
390	377
391	378
392	379
393	380
394	381
395	382
396	383
397	384
398	385
399	386
400	387
401	388
403	389
404	390
405	391
406	392
407	393
408	394
409	395
410	396
411	397
412	398
413	399
414	400
415	401
416	402
417	403
418	404
419	405
420	406
421	407
422	408
423	409
424	410
425	411
426	412
427	413
428	414
429	415
430	416
431	417
432	418
433	419
434	420
435	421
436	422
437	423
438	424
439	425
440	426
441	427
442	428
443	429
444	430
445	431
446	432
447	433
448	434
449	435
450	436
451	437
452	438
453	439
454	440
455	441
456	442
457	443
458	444
459	445
460	446
461	447
462	448
463	449
464	450
465	451
466	452
467	453
468	454
469	455
470	456
471	457
472	458
473	459
474	460
475	461
476	462
477	463
478	464
479	465
480	466
481	467
482	468
483	469
484	470
485	471
486	472
487	473
488	474
490	475
491	476
492	477
493	478
494	479
495	480
496	481
497	482
498	483
499	484
500	485
501	486
502	487
503	488
504	489
505	490
506	491
507	492
508	493
509	494
510	495
511	496
512	497
513	498
514	499
515	500
517	501
518	502
519	503
520	504
521	505
522	506
523	507
524	508
525	509
526	510
527	511
528	512
529	513
530	514
531	515
532	516
533	517
534	518
535	519
536	520
537	521
538	522
539	523
540	524
541	525
542	526
543	527
544	528
545	529
546	530
547	531
548	532
549	533
551	534
552	535
553	536
554	537
555	538
556	539
557	540
558	541
559	542
560	543
561	544
562	545
563	546
564	547
565	548
566	549
567	550
568	551
569	552
570	553
571	554
572	555
573	556
574	557
575	558
576	559
577	560
578	561
579	562
580	563
581	564
582	565
583	566
584	567
585	568
586	569
587	570
588	571
589	572
590	573
591	574
592	575
593	576
594	577
595	578
596	579
597	580
598	581
599	582
600	583
601	584
602	585
603	586
604	587
605	588
606	589
607	590
608	591
609	592
610	593
611	594
612	595
613	596
614	597
615	598
616	599
617	600
618	601
619	602
620	603
621	604
622	605
623	606
624	607
625	608
626	609
627	610
628	611
629	612
630	613
631	614
632	615
633	616
634	617
635	618
636	619
637	620
638	621
639	622
640	623
641	624
642	625
643	626
644	627
645	628
646	629
647	630
648	631
649	632
650	633
651	634
652	635
653	636
654	637
655	638
656	639
657	640
658	641
659	642
660	643
661	644
662	645
663	646
664	647
665	648
666	649
667	650
668	651
669	652
670	653
671	654
672	655
673	656
674	657
675	658
676	659
677	660
678	661
679	662
680	663
681	664
684	665
685	666
686	667
687	668
688	669
689	670
690	671
691	672
692	673
693	674
694	675
695	676
696	677
697	678
698	679
699	680
700	681
702	682
703	683
705	684
706	685
707	686
708	687
709	688
710	689
712	690
713	691
714	692
715	693
716	694
717	695
718	696
719	697
720	698
721	699
722	700
723	701
724	702
725	703
727	704
728	705
729	706
730	707
731	708
732	709
733	710
734	711
735	712
736	713
737	714
738	715
739	716
740	717
741	718
742	719
743	720
744	721
745	722
746	723
747	724
748	725
749	726
750	727
751	728
752	729
753	730
754	731
755	732
756	733
757	734
758	735
759	736
760	737
761	738
762	739
763	740
764	741
765	742
766	743
767	744
768	745
769	746
770	747
771	748
772	749
773	750
774	751
775	752
776	753
777	754
778	755
779	756
780	757
781	758
782	759
783	760
784	761
785	762
786	763
787	764
788	765
789	766
790	767
791	768
792	769
793	770
794	771
795	772
796	773
797	774
798	775
799	776
800	777
801	778
802	779
803	780
804	781
805	782
806	783
807	784
808	785
809	786
810	787
811	788
812	789
813	790
816	791
817	792
818	793
819	794
820	795
821	796
822	797
823	798
824	799
825	800
826	801
827	802
828	803
829	804
830	805
831	806
832	807
833	808
834	809
835	810
836	811
837	812
838	813
839	814
841	815
842	816
843	817
844	818
845	819
846	820
847	821
848	822
849	823
850	824
851	825
852	826
853	827
854	828
855	829
856	830
857	831
858	832
859	833
860	834
861	835
862	836
863	837
864	838
865	839
866	840
867	841
868	842
869	843
870	844
871	845
872	846
873	847
874	848
875	849
876	850
877	851
878	852
879	853
880	854
881	855
882	856
883	857
884	858
885	859
886	860
887	861
888	862
889	863
890	864
891	865
892	866
893	867
895	868
896	869
897	870
898	871
899	872
900	873
901	874
902	875
903	876
904	877
905	878
906	879
907	880
908	881
909	882
910	883
911	884
912	885
913	886
915	887
916	888
917	889
918	890
919	891
920	892
921	893
922	894
923	895
924	896
925	897
926	898
927	899
928	900
929	901
930	902
931	903
932	904
933	905
934	906
935	907
936	908
937	909
938	910
939	911
940	912
941	913
942	914
944	915
945	916
946	917
947	918
949	919
950	920
951	921
952	922
953	923
954	924
955	925
956	926
957	927
958	928
959	929
960	930
961	931
963	932
964	933
965	934
966	935
967	936
968	937
969	938
970	939
972	940
973	941
974	942
975	943
976	944
977	945
978	946
979	947
980	948
981	949
982	950
983	951
984	952
985	953
986	954
987	955
988	956
989	957
991	958
992	959
993	960
994	961
995	962
996	963
997	964
998	965
999	966
1000	967
1001	968
1002	969
1003	970
1004	971
1005	972
1006	973
1007	974
1008	975
1009	976
1010	977
1011	978
1012	979
1013	980
1014	981
1015	982
1017	983
1018	984
1019	985
1020	986
1021	987
1022	988
1023	989
1024	990
1025	991
1026	992
1027	993
1028	994
1029	995
1030	996
1031	997
1032	998
1033	999
1034	1000
1035	1001
1036	1002
1037	1003
1038	1004
1039	1005
1040	1006
1041	1007
1042	1008
1043	1009
1044	1010
1045	1011
1046	1012
1047	1013
1048	1014
1049	1015
1050	1016
1051	1017
1052	1018
1054	1019
1055	1020
1056	1021
1057	1022
1058	1023
1059	1024
1060	1025
1061	1026
1062	1027
1063	1028
1064	1029
1065	1030
1066	1031
1067	1032
1068	1033
1070	1034
1071	1035
1072	1036
1073	1037
1074	1038
1075	1039
1076	1040
1077	1041
1078	1042
1079	1043
1080	1044
1081	1045
1082	1046
1083	1047
1084	1048
1085	1049
1086	1050
1087	1051
1088	1052
1089	1053
1090	1054
1091	1055
1092	1056
1093	1057
1094	1058
1095	1059
1096	1060
1097	1061
1098	1062
1099	1063
1100	1064
1101	1065
1102	1066
1103	1067
1104	1068
1105	1069
1106	1070
1107	1071
1108	1072
1109	1073
1110	1074
1111	1075
1113	1076
1114	1077
1115	1078
1116	1079
1117	1080
1118	1081
1119	1082
1120	1083
1122	1084
1123	1085
1124	1086
1125	1087
1126	1088
1127	1089
1128	1090
1129	1091
1130	1092
1131	1093
1132	1094
1133	1095
1134	1096
1135	1097
1136	1098
1137	1099
1138	1100
1139	1101
1140	1102
1141	1103
1142	1104
1143	1105
1144	1106
1145	1107
1146	1108
1147	1109
1148	1110
1149	1111
1150	1112
1151	1113
1152	1114
1153	1115
1154	1116
1155	1117
1156	1118
1157	1119
1158	1120
1159	1121
1160	1122
1161	1123
1162	1124
1163	1125
1164	1126
1165	1127
1166	1128
1167	1129
1168	1130
1169	1131
1170	1132
1171	1133
1172	1134
1173	1135
1174	1136
1175	1137
1176	1138
1177	1139
1178	1140
1179	1141
1180	1142
1181	1143
1182	1144
1183	1145
1184	1146
1185	1147
1186	1148
1187	1149
1188	1150
1189	1151
1190	1152
1191	1153
1192	1154
1193	1155
1194	1156
1195	1157
1196	1158
1197	1159
1198	1160
1200	1161
1201	1162
1202	1163
1203	1164
1205	1165
1206	1166
1207	1167
1208	1168
1209	1169
1210	1170
1211	1171
1212	1172
1213	1173
1214	1174
1215	1175
1216	1176
1217	1177
1218	1178
1219	1179
1220	1180
1221	1181
1222	1182
1223	1183
1224	1184
1225	1185
1226	1186
1227	1187
1228	1188
1229	1189
1230	1190
1231	1191
1232	1192
1233	1193
1234	1194
1235	1195
1236	1196
1238	1197
1239	1198
1240	1199
1241	1200
1242	1201
1243	1202
1244	1203
1245	1204
1246	1205
1247	1206
1248	1207
1249	1208
1250	1209
1251	1210
1252	1211
1253	1212
1254	1213
1255	1214
1256	1215
1257	1216
1258	1217
1259	1218
1260	1219
1261	1220
1262	1221
1263	1222
1264	1223
1265	1224
1266	1225
1267	1226
1268	1227
1269	1228
1270	1229
1271	1230
1272	1231
1273	1232
1274	1233
1275	1234
1276	1235
1277	1236
1278	1237
1279	1238
1281	1239
1282	1240
1283	1241
1284	1242
1285	1243
1286	1244
1287	1245
1288	1246
1289	1247
1290	1248
1291	1249
1292	1250
1293	1251
1294	1252
1295	1253
1296	1254
1297	1255
1298	1256
1299	1257
1300	1258
1301	1259
1302	1260
1303	1261
1304	1262
1305	1263
1306	1264
1307	1265
1308	1266
1309	1267
1310	1268
1311	1269
1312	1270
1313	1271
1314	1272
1315	1273
1316	1274
1317	1275
1318	1276
1319	1277
1320	1278
1321	1279
1322	1280
1323	1281
1324	1282
1325	1283
1326	1284
1327	1285
1328	1286
1329	1287
1330	1288
1331	1289
1332	1290
1333	1291
1334	1292
1335	1293
1336	1294
1337	1295
1338	1296
1339	1297
1340	1298
1341	1299
1342	1300
1343	1301
1344	1302
1345	1303
1346	1304
1347	1305
1348	1306
1349	1307
1350	1308
1351	1309
1352	1310
1353	1311
1354	1312
1355	1313
1356	1314
1357	1315
1358	1316
1359	1317
1360	1318
1361	1319
1362	1320
1363	1321
1364	1322
1365	1323
1366	1324
1367	1325
1368	1326
1369	1327
1370	1328
1371	1329
1372	1330
1373	1331
1374	1332
1375	1333
1376	1334
1377	1335
1378	1336
1379	1337
1380	1338
1381	1339
1382	1340
1383	1341
1384	1342
1385	1343
1386	1344
1387	1345
1388	1346
1389	1347
1390	1348
1391	1349
1392	1350
1393	1351
1394	1352
1395	1353
1396	1354
1397	1355
1398	1356
1399	1357
1400	1358
1401	1359
1402	1360
1403	1361
1404	1362
1405	1363
1406	1364
1407	1365
1408	1366
1409	1367
1410	1368
1411	1369
1412	1370
1413	1371
1414	1372
1415	1373
1416	1374
1417	1375
1418	1376
1419	1377
1420	1378
1421	1379
1422	1380
1423	1381
1424	1382
1425	1383
1426	1384
1427	1385
1428	1386
1429	1387
1430	1388
1431	1389
1432	1390
1433	1391
1434	1392
1436	1393
1437	1394
1438	1395
1439	1396
1440	1397
1441	1398
1442	1399
1443	1400
1444	1401
1445	1402
1446	1403
1447	1404
1448	1405
1449	1406
1450	1407
1451	1408
1453	1409
1454	1410
1455	1411
1456	1412
1457	1413
1458	1414
1459	1415
1460	1416
1461	1417
1462	1418
1463	1419
1464	1420
1465	1421
1466	1422
1467	1423
1468	1424
1469	1425
1470	1426
1471	1427
1472	1428
1473	1429
1474	1430
1475	1431
1476	1432
1477	1433
1478	1434
1479	1435
1480	1436
1481	1437
1482	1438
1483	1439
1484	1440
1485	1441
1486	1442
1487	1443
1488	1444
1489	1445
1490	1446
1491	1447
1492	1448
1493	1449
1496	1450
1497	1451
1499	1452
1500	1453
1501	1454
1502	1455
1504	1456
1505	1457
1506	1458
1507	1459
1508	1460
1509	1461
1510	1462
1511	1463
1512	1464
1513	1465
1514	1466
1515	1467
1516	1468
1517	1469
1518	1470
1519	1471
1520	1472
1521	1473
1522	1474
1523	1475
1524	1476
1525	1477
1526	1478
1527	1479
1528	1480
1529	1481
1530	1482
1531	1483
1532	1484
1533	1485
1534	1486
1535	1487
1536	1488
1537	1489
1538	1490
1539	1491
1540	1492
1541	1493
1542	1494
1543	1495
1544	1496
1545	1497
1546	1498
1547	1499
1548	1500
1549	1501
1550	1502
1551	1503
1552	1504
1553	1505
1554	1506
1555	1507
1556	1508
1557	1509
1558	1510
1559	1511
1560	1512
1561	1513
1562	1514
1563	1515
1564	1516
1565	1517
1566	1518
1567	1519
1568	1520
1569	1521
1570	1522
1571	1523
1572	1524
1573	1525
1574	1526
1575	1527
1576	1528
1577	1529
1578	1530
1579	1531
1580	1532
1581	1533
1582	1534
1583	1535
1584	1536
1585	1537
1586	1538
1587	1539
1588	1540
1589	1541
1590	1542
1592	1543
1593	1544
1594	1545
1595	1546
1596	1547
1597	1548
1598	1549
1599	1550
1600	1551
1601	1552
1602	1553
1603	1554
1604	1555
1605	1556
1607	1557
1608	1558
1609	1559
1610	1560
1611	1561
1612	1562
1613	1563
1614	1564
1615	1565
1616	1566
1617	1567
1618	1568
1619	1569
1620	1570
1621	1571
1622	1572
1623	1573
1624	1574
1625	1575
1626	1576
1627	1577
1628	1578
1629	1579
1630	1580
1631	1581
1632	1582
1633	1583
1634	1584
1635	1585
1636	1586
1637	1587
1638	1588
1639	1589
1640	1590
1641	1591
1642	1592
1643	1593
1644	1594
1645	1595
1646	1596
1647	1597
1648	1598
1649	1599
1650	1600
1651	1601
1652	1602
1653	1603
1654	1604
1655	1605
1657	1606
1658	1607
1659	1608
1660	1609
1661	1610
1662	1611
1663	1612
1664	1613
1665	1614
1666	1615
1667	1616
1668	1617
1669	1618
1670	1619
1671	1620
1672	1621
1673	1622
1674	1623
1675	1624
1676	1625
1677	1626
1678	1627
1679	1628
1680	1629
1681	1630
1682	1631
1683	1632
1684	1633
1685	1634
1686	1635
1687	1636
1688	1637
1689	1638
1690	1639
1691	1640
1692	1641
1693	1642
1694	1643
1695	1644
1696	1645
1697	1646
1698	1647
1699	1648
1700	1649
1701	1650
1702	1651
1703	1652
1704	1653
1705	1654
1706	1655
1707	1656
1708	1657
1709	1658
1710	1659
1711	1660
1712	1661
1713	1662
1714	1663
1715	1664
1716	1665
1717	1666
1718	1667
1719	1668
1720	1669
1721	1670
1722	1671
1723	1672
1724	1673
1725	1674
1726	1675
1727	1676
1728	1677
1729	1678
1730	1679
1731	1680
1732	1681
1733	1682
1734	1683
1735	1684
1736	1685
1737	1686
1738	1687
1739	1688
1740	1689
1741	1690
1742	1691
1743	1692
1744	1693
1745	1694
1746	1695
1747	1696
1748	1697
1749	1698
1750	1699
1751	1700
1752	1701
1753	1702
1754	1703
1755	1704
1756	1705
1757	1706
1758	1707
1759	1708
1761	1709
1762	1710
1763	1711
1765	1712
1766	1713
1767	1714
1768	1715
1769	1716
1770	1717
1771	1718
1772	1719
1773	1720
1774	1721
1775	1722
1776	1723
1777	1724
1778	1725
1779	1726
1780	1727
1781	1728
1782	1729
1783	1730
1784	1731
1785	1732
1786	1733
1787	1734
1788	1735
1789	1736
1790	1737
1791	1738
1792	1739
1793	1740
1794	1741
1795	1742
1796	1743
1797	1744
1798	1745
1799	1746
1800	1747
1801	1748
1802	1749
1803	1750
1804	1751
1805	1752
1806	1753
1807	1754
1808	1755
1809	1756
1810	1757
1811	1758
1812	1759
1813	1760
1814	1761
1815	1762
1816	1763
1817	1764
1818	1765
1819	1766
1820	1767
1821	1768
1822	1769
1823	1770
1824	1771
1825	1772
1826	1773
1827	1774
1828	1775
1829	1776
1830	1777
1831	1778
1832	1779
1833	1780
1834	1781
1835	1782
1836	1783
1837	1784
1838	1785
1839	1786
1840	1787
1841	1788
1842	1789
1843	1790
1844	1791
1845	1792
1846	1793
1847	1794
1848	1795
1849	1796
1850	1797
1851	1798
1852	1799
1853	1800
1854	1801
1855	1802
1856	1803
1857	1804
1858	1805
1859	1806
1860	1807
1861	1808
1862	1809
1863	1810
1864	1811
1865	1812
1866	1813
1867	1814
1868	1815
1869	1816
1870	1817
1871	1818
1872	1819
1873	1820
1874	1821
1875	1822
1876	1823
1877	1824
1878	1825
1879	1826
1880	1827
1882	1828
1883	1829
1884	1830
1885	1831
1886	1832
1887	1833
1888	1834
1889	1835
1890	1836
1891	1837
1892	1838
1893	1839
1894	1840
1895	1841
1896	1842
1897	1843
1898	1844
1899	1845
1900	1846
1901	1847
1902	1848
1903	1849
1904	1850
1906	1851
1907	1852
1908	1853
1909	1854
1910	1855
1911	1856
1912	1857
1913	1858
1914	1859
1915	1860
1916	1861
1917	1862
1918	1863
1919	1864
1920	1865
1921	1866
1922	1867
1923	1868
1924	1869
1925	1870
1926	1871
1927	1872
1928	1873
1929	1874
1930	1875
1931	1876
1932	1877
1933	1878
1934	1879
1935	1880
1937	1881
1938	1882
1939	1883
1940	1884
1941	1885
1942	1886
1943	1887
1944	1888
1945	1889
1946	1890
1947	1891
1948	1892
1949	1893
1950	1894
1951	1895
1952	1896
1953	1897
1954	1898
1955	1899
1956	1900
1957	1901
1958	1902
1959	1903
1960	1904
1961	1905
1962	1906
1963	1907
1964	1908
1965	1909
1966	1910
1967	1911
1968	1912
1969	1913
1970	1914
1971	1915
1972	1916
1973	1917
1974	1918
1975	1919
1976	1920
1977	1921
1978	1922
1979	1923
1980	1924
1981	1925
1982	1926
1983	1927
1984	1928
1985	1929
1986	1930
1987	1931
1988	1932
1990	1933
1991	1934
1992	1935
1994	1936
1995	1937
1996	1938
1997	1939
1998	1940
1999	1941
2000	1942
2001	1943
2002	1944
2003	1945
2004	1946
2005	1947
2006	1948
2007	1949
2008	1950
2009	1951
2010	1952
2011	1953
2012	1954
2013	1955
2014	1956
2015	1957
2016	1958
2017	1959
2018	1960
2019	1961
2020	1962
2021	1963
2022	1964
2023	1965
2024	1966
2025	1967
2026	1968
2027	1969
2028	1970
2029	1971
2030	1972
2031	1973
2032	1974
2033	1975
2034	1976
2035	1977
2036	1978
2037	1979
2038	1980
2039	1981
2040	1982
2041	1983
2042	1984
2043	1985
2044	1986
2045	1987
2046	1988
2047	1989
2048	1990
2049	1991
2050	1992
2051	1993
2052	1994
2053	1995
2054	1996
2055	1997
2056	1998
2057	1999
2058	2000
2059	2001
2060	2002
2061	2003
2062	2004
2063	2005
2065	2006
2066	2007
2067	2008
2068	2009
2069	2010
2070	2011
2071	2012
2072	2013
2073	2014
2074	2015
2075	2016
2076	2017
2077	2018
2078	2019
2079	2020
2080	2021
2081	2022
2082	2023
2083	2024
2084	2025
2085	2026
2086	2027
2087	2028
2088	2029
2089	2030
2090	2031
2091	2032
2092	2033
2093	2034
2094	2035
2095	2036
2096	2037
2097	2038
2098	2039
2099	2040
2100	2041
2101	2042
2102	2043
2103	2044
2104	2045
2105	2046
2106	2047
2107	2048
2108	2049
2109	2050
2110	2051
2111	2052
2112	2053
2113	2054
2114	2055
2115	2056
2116	2057
2117	2058
2118	2059
2119	2060
2120	2061
2121	2062
2122	2063
2123	2064
2124	2065
2125	2066
2126	2067
2127	2068
2128	2069
2129	2070
2130	2071
2131	2072
2132	2073
2133	2074
2134	2075
2135	2076
2136	2077
2137	2078
2138	2079
2139	2080
2140	2081
2141	2082
2142	2083
2143	2084
2146	2085
2147	2086
2148	2087
2149	2088
2150	2089
2151	2090
2152	2091
2153	2092
2154	2093
2155	2094
2156	2095
2157	2096
2158	2097
2159	2098
2160	2099
2161	2100
2162	2101
2163	2102
2164	2103
2165	2104
2166	2105
2167	2106
2168	2107
2169	2108
2170	2109
2171	2110
2172	2111
2173	2112
2174	2113
2175	2114
2177	2115
2178	2116
2179	2117
2180	2118
2181	2119
2182	2120
2183	2121
2184	2122
2185	2123
2186	2124
2187	2125
2188	2126
2189	2127
2190	2128
2191	2129
2192	2130
2193	2131
2194	2132
2195	2133
2196	2134
2197	2135
2198	2136
2199	2137
2200	2138
2201	2139
2202	2140
2203	2141
2204	2142
2205	2143
2206	2144
2207	2145
2208	2146
2209	2147
2210	2148
2212	2149
2213	2150
2214	2151
2215	2152
2216	2153
2217	2154
2218	2155
2219	2156
2220	2157
2221	2158
2222	2159
2223	2160
2224	2161
2225	2162
2226	2163
2227	2164
2228	2165
2229	2166
2230	2167
2231	2168
2232	2169
2233	2170
2234	2171
2235	2172
2236	2173
2237	2174
2238	2175
2239	2176
2240	2177
2241	2178
2242	2179
2243	2180
2244	2181
2245	2182
2246	2183
2247	2184
2248	2185
2249	2186
2250	2187
2251	2188
2252	2189
2253	2190
2254	2191
2255	2192
2256	2193
2257	2194
2258	2195
2259	2196
2260	2197
2261	2198
2262	2199
2263	2200
2264	2201
2265	2202
2266	2203
2267	2204
2268	2205
2269	2206
2271	2207
2272	2208
2273	2209
2274	2210
2275	2211
2276	2212
2277	2213
2278	2214
2279	2215
2280	2216
2281	2217
2282	2218
2283	2219
2284	2220
2285	2221
2286	2222
2287	2223
2288	2224
2289	2225
2290	2226
2291	2227
2292	2228
2293	2229
2294	2230
2295	2231
2296	2232
2297	2233
2298	2234
2299	2235
2300	2236
2301	2237
2302	2238
2303	2239
2304	2240
2305	2241
2306	2242
2307	2243
2308	2244
2309	2245
2310	2246
2311	2247
2312	2248
2313	2249
2314	2250
2315	2251
2316	2252
2318	2253
2319	2254
2320	2255
2321	2256
2322	2257
2323	2258
2324	2259
2325	2260
2326	2261
2327	2262
2328	2263
2329	2264
2330	2265
2331	2266
2332	2267
2333	2268
2334	2269
2335	2270
2336	2271
2337	2272
2338	2273
2339	2274
2340	2275
2341	2276
2342	2277
2343	2278
2344	2279
2345	2280
2346	2281
2347	2282
2348	2283
2349	2284
2350	2285
2351	2286
2352	2287
2353	2288
2354	2289
2355	2290
2356	2291
2357	2292
2358	2293
2359	2294
2360	2295
2361	2296
2362	2297
2363	2298
2364	2299
2365	2300
2366	2301
2367	2302
2368	2303
2369	2304
2370	2305
2371	2306
2372	2307
2373	2308
2374	2309
2375	2310
2376	2311
2377	2312
2378	2313
2379	2314
2380	2315
2381	2316
2382	2317
2383	2318
2384	2319
2385	2320
2386	2321
2387	2322
2388	2323
2389	2324
2390	2325
2391	2326
2392	2327
2393	2328
2394	2329
2395	2330
2396	2331
2397	2332
2398	2333
2399	2334
2400	2335
2401	2336
2402	2337
2403	2338
2404	2339
2405	2340
2406	2341
2408	2342
2409	2343
2410	2344
2411	2345
2412	2346
2413	2347
2414	2348
2415	2349
2416	2350
2417	2351
2418	2352
2419	2353
2420	2354
2421	2355
2422	2356
2423	2357
2424	2358
2425	2359
2426	2360
2427	2361
2428	2362
2429	2363
2430	2364
2431	2365
2432	2366
2433	2367
2435	2368
2436	2369
2437	2370
2438	2371
2439	2372
2440	2373
2441	2374
2442	2375
2443	2376
2444	2377
2445	2378
2446	2379
2447	2380
2448	2381
2449	2382
2450	2383
2451	2384
2452	2385
2453	2386
2454	2387
2456	2388
2457	2389
2458	2390
2459	2391
2460	2392
2461	2393
2462	2394
2463	2395
2464	2396
2466	2397
2468	2398
2469	2399
2471	2400
2472	2401
2473	2402
2474	2403
2475	2404
2476	2405
2477	2406
2478	2407
2479	2408
2480	2409
2481	2410
2482	2411
2483	2412
2484	2413
2485	2414
2486	2415
2487	2416
2488	2417
2489	2418
2490	2419
2492	2420
2493	2421
2494	2422
2495	2423
2496	2424
2497	2425
2498	2426
2499	2427
2500	2428
2501	2429
2502	2430
2503	2431
2504	2432
2505	2433
2506	2434
2507	2435
2508	2436
2509	2437
2510	2438
2511	2439
2512	2440
2513	2441
2514	2442
2515	2443
2516	2444
2517	2445
2518	2446
2519	2447
2520	2448
2521	2449
2522	2450
2523	2451
2524	2452
2525	2453
2526	2454
2527	2455
2528	2456
2529	2457
2530	2458
2531	2459
2532	2460
2533	2461
2534	2462
2535	2463
2536	2464
2537	2465
2538	2466
2539	2467
2540	2468
2541	2469
2542	2470
2543	2471
2544	2472
2545	2473
2546	2474
2547	2475
2548	2476
2549	2477
2550	2478
2551	2479
2552	2480
2553	2481
2554	2482
2555	2483
2556	2484
2557	2485
2558	2486
2559	2487
2560	2488
2561	2489
2562	2490
2563	2491
2564	2492
2565	2493
2566	2494
2567	2495
2568	2496
2569	2497
2570	2498
2571	2499
2572	2500
2574	2501
2575	2502
2576	2503
2577	2504
2578	2505
2579	2506
2580	2507
2581	2508
2582	2509
2583	2510
2584	2511
2585	2512
2586	2513
2587	2514
2589	2515
2591	2516
2592	2517
2593	2518
2594	2519
2595	2520
2596	2521
2597	2522
2598	2523
2599	2524
2600	2525
2601	2526
2602	2527
2603	2528
2604	2529
2605	2530
2606	2531
2607	2532
2608	2533
2609	2534
2610	2535
2611	2536
2612	2537
2613	2538
2614	2539
2615	2540
2616	2541
2617	2542
2618	2543
2619	2544
2620	2545
2621	2546
2622	2547
2623	2548
2624	2549
2625	2550
2627	2551
2628	2552
2629	2553
2630	2554
2631	2555
2632	2556
2633	2557
2634	2558
2635	2559
2636	2560
2637	2561
2638	2562
2639	2563
2640	2564
2642	2565
2644	2566
2646	2567
2647	2568
2648	2569
2650	2570
2651	2571
2652	2572
2653	2573
2654	2574
2655	2575
2656	2576
2657	2577
2658	2578
2659	2579
2660	2580
2661	2581
2662	2582
2663	2583
2664	2584
2665	2585
2666	2586
2667	2587
2668	2588
2669	2589
2670	2590
2671	2591
2672	2592
2673	2593
2674	2594
2675	2595
2676	2596
2677	2597
2678	2598
2679	2599
2680	2600
2681	2601
2682	2602
2683	2603
2684	2604
2685	2605
2686	2606
2687	2607
2688	2608
2689	2609
2690	2610
2691	2611
2692	2612
2693	2613
2694	2614
2695	2615
2696	2616
2697	2617
2698	2618
2699	2619
2700	2620
2701	2621
2702	2622
2703	2623
2704	2624
2705	2625
2706	2626
2707	2627
2708	2628
2709	2629
2710	2630
2711	2631
2713	2632
2714	2633
2715	2634
2716	2635
2717	2636
2718	2637
2719	2638
2720	2639
2721	2640
2722	2641
2723	2642
2724	2643
2725	2644
2726	2645
2727	2646
2728	2647
2729	2648
2730	2649
2731	2650
2732	2651
2733	2652
2734	2653
2735	2654
2736	2655
2737	2656
2738	2657
2739	2658
2740	2659
2741	2660
2742	2661
2743	2662
2744	2663
2745	2664
2746	2665
2748	2666
2749	2667
2750	2668
2751	2669
2752	2670
2753	2671
2754	2672
2755	2673
2756	2674
2757	2675
2758	2676
2759	2677
2760	2678
2761	2679
2762	2680
2763	2681
2764	2682
2765	2683
2766	2684
2767	2685
2768	2686
2769	2687
2770	2688
2771	2689
2772	2690
2773	2691
2774	2692
2775	2693
2776	2694
2777	2695
2778	2696
2779	2697
2780	2698
2781	2699
2782	2700
2783	2701
2784	2702
2785	2703
2786	2704
2787	2705
2788	2706
2789	2707
2790	2708
2791	2709
2792	2710
2793	2711
2794	2712
2795	2713
2796	2714
2797	2715
2798	2716
2799	2717
2800	2718
2801	2719
2802	2720
2803	2721
2804	2722
2805	2723
2806	2724
2807	2725
2808	2726
2809	2727
2810	2728
2811	2729
2812	2730
2813	2731
2814	2732
2815	2733
2816	2734
2817	2735
2818	2736
2819	2737
2820	2738
2821	2739
2822	2740
2823	2741
2824	2742
2825	2743
2826	2744
2827	2745
2828	2746
2829	2747
2831	2748
2832	2749
2833	2750
2834	2751
2835	2752
2836	2753
2837	2754
2838	2755
2839	2756
2840	2757
2841	2758
2842	2759
2843	2760
2844	2761
2845	2762
2847	2763
2848	2764
2849	2765
2850	2766
2851	2767
2852	2768
2853	2769
2854	2770
2855	2771
2856	2772
2857	2773
2858	2774
2859	2775
2860	2776
2861	2777
2862	2778
2863	2779
2864	2780
2865	2781
2866	2782
2867	2783
2868	2784
2869	2785
2870	2786
2871	2787
2872	2788
2873	2789
2874	2790
2875	2791
2876	2792
2877	2793
2878	2794
2879	2795
2881	2796
2882	2797
2883	2798
2884	2799
2885	2800
2886	2801
2887	2802
2888	2803
2889	2804
2890	2805
2891	2806
2892	2807
2893	2808
2894	2809
2895	2810
2896	2811
2898	2812
2899	2813
2900	2814
2901	2815
2902	2816
2903	2817
2904	2818
2905	2819
2906	2820
2907	2821
2908	2822
2909	2823
2910	2824
2911	2825
2912	2826
2913	2827
2914	2828
2915	2829
2916	2830
2917	2831
2918	2832
2919	2833
2920	2834
2921	2835
2922	2836
2923	2837
2924	2838
2925	2839
2926	2840
2927	2841
2928	2842
2929	2843
2930	2844
2931	2845
2932	2846
2933	2847
2934	2848
2935	2849
2936	2850
2937	2851
2938	2852
2939	2853
2940	2854
2941	2855
2942	2856
2943	2857
2944	2858
2945	2859
2946	2860
2947	2861
2948	2862
2949	2863
2950	2864
2951	2865
2952	2866
2953	2867
2954	2868
2956	2869
2957	2870
2958	2871
2959	2872
2960	2873
2961	2874
2962	2875
2963	2876
2964	2877
2965	2878
2966	2879
2967	2880
2968	2881
2969	2882
2970	2883
2971	2884
2972	2885
2973	2886
2974	2887
2975	2888
2976	2889
2977	2890
2978	2891
2979	2892
2980	2893
2981	2894
2982	2895
2983	2896
2984	2897
2985	2898
2986	2899
2987	2900
2988	2901
2989	2902
2990	2903
2991	2904
2992	2905
2993	2906
2994	2907
2995	2908
2996	2909
2997	2910
2998	2911
2999	2912
3000	2913
3001	2914
3002	2915
3003	2916
3004	2917
3005	2918
3006	2919
3007	2920
3008	2921
3009	2922
3011	2923
3012	2924
3013	2925
3014	2926
3015	2927
3016	2928
3017	2929
3018	2930
3019	2931
3020	2932
3022	2933
3023	2934
3025	2935
3026	2936
3027	2937
3028	2938
3029	2939
3030	2940
3031	2941
3032	2942
3033	2943
3034	2944
3035	2945
3036	2946
3037	2947
3038	2948
3039	2949
3040	2950
3041	2951
3042	2952
3043	2953
3044	2954
3045	2955
3046	2956
3047	2957
3048	2958
3049	2959
3050	2960
3051	2961
3052	2962
3053	2963
3054	2964
3055	2965
3056	2966
3058	2967
3059	2968
3060	2969
3061	2970
3062	2971
3064	2972
3065	2973
3066	2974
3067	2975
3068	2976
3069	2977
3070	2978
3071	2979
3072	2980
3073	2981
3074	2982
3075	2983
3076	2984
3077	2985
3078	2986
3079	2987
3080	2988
3082	2989
3083	2990
3084	2991
3085	2992
3086	2993
3087	2994
3088	2995
3089	2996
3090	2997
3091	2998
3092	2999
3093	3000
3094	3001
3095	3002
3096	3003
3097	3004
3098	3005
3099	3006
3100	3007
3101	3008
3102	3009
3103	3010
3104	3011
3105	3012
3106	3013
3107	3014
3108	3015
3109	3016
3110	3017
3111	3018
3112	3019
3113	3020
3114	3021
3115	3022
3116	3023
3118	3024
3119	3025
3120	3026
3121	3027
3122	3028
3123	3029
3124	3030
3125	3031
3126	3032
3127	3033
3128	3034
3129	3035
3130	3036
3131	3037
3132	3038
3133	3039
3134	3040
3135	3041
3136	3042
3137	3043
3138	3044
3139	3045
3140	3046
3141	3047
3142	3048
3143	3049
3144	3050
3145	3051
3146	3052
3147	3053
3148	3054
3149	3055
3150	3056
3151	3057
3152	3058
3153	3059
3154	3060
3155	3061
3156	3062
3157	3063
3158	3064
3159	3065
3160	3066
3161	3067
3162	3068
3163	3069
3164	3070
3165	3071
3166	3072
3168	3073
3169	3074
3170	3075
3171	3076
3172	3077
3174	3078
3175	3079
3176	3080
3178	3081
3180	3082
3181	3083
3182	3084
3183	3085
3184	3086
3185	3087
3186	3088
3187	3089
3188	3090
3189	3091
3190	3092
3191	3093
3192	3094
3193	3095
3194	3096
3195	3097
3196	3098
3197	3099
3198	3100
3199	3101
3200	3102
3201	3103
3202	3104
3203	3105
3204	3106
3205	3107
3206	3108
3207	3109
3208	3110
3209	3111
3210	3112
3211	3113
3212	3114
3213	3115
3214	3116
3215	3117
3216	3118
3217	3119
3218	3120
3219	3121
3220	3122
3221	3123
3222	3124
3223	3125
3224	3126
3225	3127
3226	3128
3227	3129
3228	3130
3229	3131
3230	3132
3231	3133
3232	3134
3233	3135
3234	3136
3235	3137
3236	3138
3237	3139
3238	3140
3239	3141
3240	3142
3241	3143
3242	3144
3243	3145
3244	3146
3245	3147
3246	3148
3247	3149
3248	3150
3249	3151
3250	3152
3251	3153
3252	3154
3253	3155
3254	3156
3255	3157
3256	3158
3257	3159
3258	3160
3259	3161
3260	3162
3261	3163
3262	3164
3263	3165
3264	3166
3265	3167
3266	3168
3267	3169
3268	3170
3269	3171
3270	3172
3271	3173
3272	3174
3273	3175
3274	3176
3275	3177
3276	3178
3277	3179
3278	3180
3280	3181
3281	3182
3283	3183
3285	3184
3286	3185
3287	3186
3288	3187
3289	3188
3290	3189
3291	3190
3292	3191
3293	3192
3294	3193
3295	3194
3296	3195
3297	3196
3298	3197
3299	3198
3300	3199
3301	3200
3302	3201
3303	3202
3304	3203
3305	3204
3306	3205
3307	3206
3308	3207
3309	3208
3310	3209
3311	3210
3312	3211
3313	3212
3314	3213
3315	3214
3316	3215
3317	3216
3318	3217
3319	3218
3320	3219
3321	3220
3322	3221
3323	3222
3324	3223
3325	3224
3326	3225
3327	3226
3328	3227
3329	3228
3330	3229
3332	3230
3333	3231
3334	3232
3335	3233
3336	3234
3337	3235
3339	3236
3340	3237
3341	3238
3342	3239
3343	3240
3344	3241
3345	3242
3346	3243
3347	3244
3348	3245
3349	3246
3350	3247
3351	3248
3352	3249
3353	3250
3354	3251
3355	3252
3356	3253
3357	3254
3358	3255
3359	3256
3360	3257
3361	3258
3362	3259
3363	3260
3364	3261
3365	3262
3366	3263
3367	3264
3368	3265
3369	3266
3370	3267
3371	3268
3372	3269
3373	3270
3374	3271
3375	3272
3376	3273
3377	3274
3378	3275
3379	3276
3380	3277
3381	3278
3382	3279
3383	3280
3384	3281
3385	3282
3386	3283
3387	3284
3388	3285
3389	3286
3390	3287
3391	3288
3392	3289
3393	3290
3394	3291
3395	3292
3396	3293
3397	3294
3398	3295
3399	3296
3401	3297
3402	3298
3403	3299
3404	3300
3405	3301
3406	3302
3407	3303
3408	3304
3409	3305
3410	3306
3411	3307
3412	3308
3413	3309
3414	3310
3415	3311
3416	3312
3417	3313
3418	3314
3420	3315
3421	3316
3423	3317
3424	3318
3425	3319
3426	3320
3427	3321
3428	3322
3429	3323
3430	3324
3431	3325
3432	3326
3433	3327
3434	3328
3435	3329
3436	3330
3437	3331
3438	3332
3439	3333
3440	3334
3441	3335
3442	3336
3443	3337
3444	3338
3445	3339
3446	3340
3448	3341
3449	3342
3450	3343
3451	3344
3452	3345
3453	3346
3454	3347
3455	3348
3456	3349
3457	3350
3458	3351
3461	3352
3462	3353
3463	3354
3465	3355
3466	3356
3467	3357
3468	3358
3469	3359
3470	3360
3471	3361
3472	3362
3473	3363
3474	3364
3475	3365
3476	3366
3477	3367
3478	3368
3479	3369
3480	3370
3481	3371
3482	3372
3483	3373
3484	3374
3485	3375
3487	3376
3488	3377
3489	3378
3491	3379
3493	3380
3494	3381
3495	3382
3497	3383
3498	3384
3501	3385
3503	3386
3504	3387
3505	3388
3506	3389
3507	3390
3508	3391
3509	3392
3510	3393
3512	3394
3514	3395
3515	3396
3516	3397
3517	3398
3518	3399
3519	3400
3520	3401
3521	3402
3522	3403
3523	3404
3524	3405
3525	3406
3526	3407
3527	3408
3528	3409
3529	3410
3530	3411
3531	3412
3532	3413
3533	3414
3534	3415
3535	3416
3536	3417
3537	3418
3538	3419
3539	3420
3540	3421
3541	3422
3542	3423
3543	3424
3544	3425
3545	3426
3546	3427
3547	3428
3548	3429
3549	3430
3550	3431
3551	3432
3552	3433
3553	3434
3554	3435
3555	3436
3556	3437
3557	3438
3558	3439
3559	3440
3560	3441
3561	3442
3562	3443
3563	3444
3564	3445
3565	3446
3566	3447
3567	3448
3568	3449
3569	3450
3570	3451
3571	3452
3572	3453
3573	3454
3574	3455
3575	3456
3576	3457
3577	3458
3578	3459
3579	3460
3580	3461
3581	3462
3582	3463
3583	3464
3584	3465
3585	3466
3586	3467
3587	3468
3588	3469
3589	3470
3590	3471
3591	3472
3592	3473
3594	3474
3595	3475
3596	3476
3597	3477
3598	3478
3599	3479
3600	3480
3601	3481
3602	3482
3603	3483
3604	3484
3605	3485
3606	3486
3607	3487
3608	3488
3609	3489
3610	3490
3611	3491
3612	3492
3613	3493
3614	3494
3615	3495
3616	3496
3617	3497
3618	3498
3619	3499
3620	3500
3621	3501
3622	3502
3623	3503
3624	3504
3625	3505
3626	3506
3627	3507
3628	3508
3629	3509
3630	3510
3631	3511
3632	3512
3633	3513
3634	3514
3635	3515
3636	3516
3637	3517
3638	3518
3639	3519
3640	3520
3641	3521
3642	3522
3643	3523
3644	3524
3645	3525
3646	3526
3647	3527
3648	3528
3649	3529
3650	3530
3651	3531
3652	3532
3653	3533
3654	3534
3655	3535
3656	3536
3657	3537
3658	3538
3659	3539
3660	3540
3661	3541
3662	3542
3663	3543
3664	3544
3665	3545
3666	3546
3667	3547
3669	3548
3670	3549
3671	3550
3672	3551
3673	3552
3674	3553
3675	3554
3676	3555
3677	3556
3678	3557
3679	3558
3680	3559
3681	3560
3682	3561
3683	3562
3684	3563
3685	3564
3686	3565
3687	3566
3688	3567
3689	3568
3690	3569
3691	3570
3692	3571
3693	3572
3694	3573
3695	3574
3696	3575
3697	3576
3698	3577
3699	3578
3700	3579
3701	3580
3702	3581
3703	3582
3704	3583
3705	3584
3706	3585
3707	3586
3708	3587
3709	3588
3710	3589
3711	3590
3712	3591
3713	3592
3714	3593
3715	3594
3716	3595
3717	3596
3718	3597
3719	3598
3720	3599
3721	3600
3722	3601
3723	3602
3724	3603
3725	3604
3726	3605
3727	3606
3728	3607
3729	3608
3730	3609
3731	3610
3732	3611
3733	3612
3734	3613
3735	3614
3736	3615
3737	3616
3738	3617
3739	3618
3740	3619
3741	3620
3742	3621
3743	3622
3744	3623
3745	3624
3746	3625
3747	3626
3748	3627
3749	3628
3750	3629
3751	3630
3752	3631
3753	3632
3754	3633
3755	3634
3756	3635
3757	3636
3758	3637
3759	3638
3760	3639
3761	3640
3762	3641
3763	3642
3765	3643
3766	3644
3767	3645
3768	3646
3769	3647
3770	3648
3771	3649
3772	3650
3773	3651
3774	3652
3775	3653
3776	3654
3777	3655
3778	3656
3779	3657
3780	3658
3781	3659
3782	3660
3783	3661
3784	3662
3785	3663
3786	3664
3787	3665
3788	3666
3789	3667
3790	3668
3791	3669
3792	3670
3793	3671
3794	3672
3795	3673
3796	3674
3797	3675
3798	3676
3799	3677
3800	3678
3801	3679
3802	3680
3803	3681
3804	3682
3805	3683
3806	3684
3807	3685
3808	3686
3809	3687
3810	3688
3811	3689
3812	3690
3813	3691
3814	3692
3815	3693
3816	3694
3817	3695
3818	3696
3819	3697
3820	3698
3821	3699
3822	3700
3823	3701
3824	3702
3825	3703
3826	3704
3827	3705
3828	3706
3829	3707
3830	3708
3831	3709
3832	3710
3833	3711
3834	3712
3835	3713
3836	3714
3837	3715
3838	3716
3839	3717
3840	3718
3841	3719
3842	3720
3843	3721
3844	3722
3845	3723
3847	3724
3848	3725
3849	3726
3850	3727
3851	3728
3852	3729
3853	3730
3854	3731
3855	3732
3856	3733
3857	3734
3858	3735
3859	3736
3860	3737
3862	3738
3863	3739
3864	3740
3865	3741
3866	3742
3867	3743
3868	3744
3869	3745
3870	3746
3871	3747
3872	3748
3873	3749
3875	3750
3876	3751
3877	3752
3878	3753
3879	3754
3880	3755
3881	3756
3882	3757
3883	3758
3884	3759
3885	3760
3886	3761
3887	3762
3888	3763
3889	3764
3890	3765
3891	3766
3892	3767
3893	3768
3894	3769
3895	3770
3896	3771
3897	3772
3898	3773
3899	3774
3900	3775
3901	3776
3902	3777
3903	3778
3904	3779
3905	3780
3906	3781
3907	3782
3908	3783
3909	3784
3910	3785
3911	3786
3912	3787
3913	3788
3914	3789
3915	3790
3916	3791
3917	3792
3918	3793
3919	3794
3920	3795
3921	3796
3922	3797
3923	3798
3924	3799
3925	3800
3926	3801
3927	3802
3928	3803
3929	3804
3930	3805
3931	3806
3932	3807
3933	3808
3934	3809
3935	3810
3936	3811
3937	3812
3938	3813
3939	3814
3940	3815
3941	3816
3943	3817
3944	3818
3945	3819
3946	3820
3947	3821
3948	3822
3949	3823
3950	3824
3951	3825
3952	3826
3953	3827
3954	3828
3955	3829
3956	3830
3957	3831
3959	3832
3960	3833
3961	3834
3962	3835
3963	3836
3964	3837
3965	3838
3966	3839
3967	3840
3968	3841
3969	3842
3970	3843
3971	3844
3972	3845
3973	3846
3974	3847
3975	3848
3976	3849
3977	3850
3978	3851
3979	3852
3980	3853
3981	3854
3982	3855
3983	3856
3984	3857
3985	3858
3986	3859
3987	3860
3988	3861
3989	3862
3990	3863
3991	3864
3992	3865
3993	3866
3994	3867
3995	3868
3996	3869
3997	3870
3998	3871
3999	3872
4000	3873
4001	3874
4002	3875
4003	3876
4004	3877
4005	3878
4006	3879
4007	3880
4008	3881
4009	3882
4010	3883
4011	3884
4012	3885
4013	3886
4014	3887
4015	3888
4017	3889
4018	3890
4019	3891
4020	3892
4021	3893
4022	3894
4023	3895
4024	3896
4025	3897
4026	3898
4027	3899
4028	3900
4029	3901
4030	3902
4031	3903
4032	3904
4033	3905
4034	3906
4035	3907
4036	3908
4037	3909
4038	3910
4039	3911
4040	3912
4041	3913
4042	3914
4043	3915
4045	3916
4046	3917
4048	3918
4049	3919
4050	3920
4051	3921
4052	3922
4053	3923
4054	3924
4055	3925
4056	3926
4057	3927
4058	3928
4059	3929
4060	3930
4061	3931
4062	3932
4063	3933
4064	3934
4065	3935
4066	3936
4067	3937
4068	3938
4069	3939
4070	3940
4071	3941
4072	3942
4073	3943
4074	3944
4075	3945
4076	3946
4077	3947
4079	3948
4080	3949
4081	3950
4082	3951
4083	3952
4084	3953
4085	3954
4086	3955
4087	3956
4088	3957
4089	3958
4090	3959
4091	3960
4092	3961
4093	3962
4095	3963
4096	3964
4097	3965
4098	3966
4099	3967
4100	3968
4101	3969
4102	3970
4103	3971
4104	3972
4105	3973
4106	3974
4107	3975
4108	3976
4109	3977
4110	3978
4111	3979
4112	3980
4113	3981
4114	3982
4115	3983
4116	3984
4117	3985
4118	3986
4119	3987
4120	3988
4121	3989
4123	3990
4124	3991
4125	3992
4126	3993
4127	3994
4128	3995
4129	3996
4130	3997
4131	3998
4132	3999
4133	4000
4134	4001
4136	4002
4137	4003
4138	4004
4139	4005
4140	4006
4141	4007
4142	4008
4143	4009
4144	4010
4145	4011
4146	4012
4147	4013
4148	4014
4149	4015
4150	4016
4151	4017
4152	4018
4153	4019
4154	4020
4155	4021
4156	4022
4157	4023
4158	4024
4159	4025
4160	4026
4161	4027
4162	4028
4163	4029
4164	4030
4165	4031
4166	4032
4167	4033
4168	4034
4169	4035
4170	4036
4171	4037
4174	4038
4175	4039
4176	4040
4177	4041
4178	4042
4179	4043
4180	4044
4181	4045
4183	4046
4184	4047
4185	4048
4186	4049
4187	4050
4188	4051
4189	4052
4190	4053
4191	4054
4192	4055
4193	4056
4194	4057
4195	4058
4196	4059
4197	4060
4198	4061
4199	4062
4200	4063
4201	4064
4202	4065
4203	4066
4204	4067
4205	4068
4206	4069
4207	4070
4208	4071
4209	4072
4210	4073
4211	4074
4212	4075
4214	4076
4215	4077
4217	4078
4218	4079
4219	4080
4220	4081
4221	4082
4222	4083
4223	4084
4224	4085
4225	4086
4226	4087
4227	4088
4228	4089
4229	4090
4230	4091
4231	4092
4232	4093
4233	4094
4234	4095
4235	4096
4236	4097
4237	4098
4238	4099
4239	4100
4240	4101
4241	4102
4242	4103
4243	4104
4244	4105
4245	4106
4246	4107
4247	4108
4248	4109
4249	4110
4250	4111
4251	4112
4252	4113
4253	4114
4254	4115
4255	4116
4256	4117
4257	4118
4258	4119
4259	4120
4260	4121
4261	4122
4262	4123
4263	4124
4264	4125
4265	4126
4266	4127
4267	4128
4268	4129
4270	4130
4271	4131
4272	4132
4273	4133
4274	4134
4276	4135
4277	4136
4278	4137
4279	4138
4280	4139
4281	4140
4282	4141
4283	4142
4284	4143
4285	4144
4286	4145
4287	4146
4288	4147
4289	4148
4290	4149
4291	4150
4292	4151
4293	4152
4294	4153
4295	4154
4296	4155
4297	4156
4298	4157
4299	4158
4300	4159
4301	4160
4302	4161
4303	4162
4304	4163
4305	4164
4306	4165
4307	4166
4308	4167
4309	4168
4310	4169
4311	4170
4312	4171
4313	4172
4314	4173
4315	4174
4316	4175
4317	4176
4318	4177
4319	4178
4320	4179
4321	4180
4322	4181
4323	4182
4324	4183
4326	4184
4327	4185
4328	4186
4329	4187
4330	4188
4331	4189
4332	4190
4333	4191
4334	4192
4335	4193
4336	4194
4337	4195
4338	4196
4339	4197
4340	4198
4341	4199
4342	4200
4343	4201
4344	4202
4345	4203
4347	4204
4348	4205
4349	4206
4350	4207
4351	4208
4352	4209
4353	4210
4354	4211
4355	4212
4356	4213
4357	4214
4358	4215
4359	4216
4360	4217
4361	4218
4362	4219
4363	4220
4364	4221
4365	4222
4366	4223
4367	4224
4368	4225
4369	4226
4370	4227
4371	4228
4372	4229
4373	4230
4374	4231
4375	4232
4376	4233
4377	4234
4378	4235
4380	4236
4381	4237
4382	4238
4383	4239
4384	4240
4385	4241
4386	4242
4387	4243
4388	4244
4389	4245
4390	4246
4391	4247
4392	4248
4393	4249
4394	4250
4395	4251
4396	4252
4397	4253
4398	4254
4399	4255
4400	4256
4401	4257
4402	4258
4403	4259
4404	4260
4405	4261
4406	4262
4407	4263
4408	4264
4409	4265
4410	4266
4411	4267
4412	4268
4413	4269
4414	4270
4415	4271
4416	4272
4417	4273
4418	4274
4419	4275
4420	4276
4421	4277
4422	4278
4423	4279
4424	4280
4425	4281
4426	4282
4427	4283
4428	4284
4429	4285
4430	4286
4431	4287
4432	4288
4433	4289
4434	4290
4435	4291
4437	4292
4438	4293
4440	4294
4441	4295
4442	4296
4443	4297
4444	4298
4445	4299
4446	4300
4447	4301
4448	4302
4449	4303
4450	4304
4451	4305
4452	4306
4453	4307
4454	4308
4455	4309
4456	4310
4457	4311
4458	4312
4459	4313
4460	4314
4461	4315
4462	4316
4463	4317
4464	4318
4465	4319
4466	4320
4467	4321
4468	4322
4469	4323
4470	4324
4471	4325
4472	4326
4474	4327
4475	4328
4476	4329
4477	4330
4478	4331
4479	4332
4480	4333
4481	4334
4482	4335
4483	4336
4484	4337
4485	4338
4486	4339
4487	4340
4488	4341
4489	4342
4490	4343
4491	4344
4492	4345
4493	4346
4494	4347
4495	4348
4496	4349
4497	4350
4498	4351
4499	4352
4500	4353
4501	4354
4502	4355
4503	4356
4504	4357
4505	4358
4506	4359
4507	4360
4508	4361
4509	4362
4510	4363
4511	4364
4512	4365
4513	4366
4514	4367
4515	4368
4516	4369
4517	4370
4518	4371
4519	4372
4520	4373
4521	4374
4522	4375
4523	4376
4524	4377
4525	4378
4526	4379
4527	4380
4528	4381
4529	4382
4530	4383
4531	4384
4532	4385
4533	4386
4534	4387
4535	4388
4536	4389
4537	4390
4538	4391
4539	4392
4540	4393
4541	4394
4542	4395
4543	4396
4544	4397
4545	4398
4546	4399
4547	4400
4549	4401
4551	4402
4552	4403
4553	4404
4554	4405
4555	4406
4556	4407
4557	4408
4558	4409
4559	4410
4560	4411
4561	4412
4562	4413
4563	4414
4564	4415
4565	4416
4566	4417
4567	4418
4568	4419
4569	4420
4570	4421
4571	4422
4572	4423
4573	4424
4574	4425
4575	4426
4576	4427
4577	4428
4578	4429
4579	4430
4580	4431
4581	4432
4582	4433
4583	4434
4584	4435
4585	4436
4587	4437
4588	4438
4589	4439
4590	4440
4591	4441
4592	4442
4593	4443
4594	4444
4595	4445
4596	4446
4597	4447
4598	4448
4599	4449
4600	4450
4601	4451
4602	4452
4603	4453
4604	4454
4605	4455
4606	4456
4607	4457
4608	4458
4609	4459
4610	4460
4611	4461
4612	4462
4613	4463
4614	4464
4615	4465
4616	4466
4617	4467
4618	4468
4619	4469
4620	4470
4621	4471
4622	4472
4623	4473
4624	4474
4625	4475
4626	4476
4627	4477
4628	4478
4629	4479
4630	4480
4632	4481
4633	4482
4634	4483
4635	4484
4636	4485
4637	4486
4638	4487
4639	4488
4640	4489
4641	4490
4642	4491
4643	4492
4644	4493
4645	4494
4646	4495
4647	4496
4648	4497
4649	4498
4650	4499
4651	4500
4652	4501
4653	4502
4654	4503
4656	4504
4657	4505
4658	4506
4659	4507
4660	4508
4661	4509
4662	4510
4663	4511
4664	4512
4665	4513
4666	4514
4667	4515
4668	4516
4669	4517
4670	4518
4671	4519
4672	4520
4673	4521
4674	4522
4675	4523
4676	4524
4677	4525
4678	4526
4679	4527
4680	4528
4681	4529
4682	4530
4683	4531
4684	4532
4686	4533
4687	4534
4688	4535
4690	4536
4691	4537
4692	4538
4693	4539
4694	4540
4695	4541
4696	4542
4697	4543
4698	4544
4699	4545
4700	4546
4701	4547
4702	4548
4703	4549
4704	4550
4705	4551
4706	4552
4707	4553
4708	4554
4709	4555
4710	4556
4711	4557
4712	4558
4713	4559
4714	4560
4715	4561
4716	4562
4717	4563
4718	4564
4719	4565
4720	4566
4721	4567
4722	4568
4723	4569
4724	4570
4725	4571
4726	4572
4727	4573
4728	4574
4729	4575
4730	4576
4731	4577
4732	4578
4733	4579
4734	4580
4735	4581
4736	4582
4737	4583
4738	4584
4739	4585
4740	4586
4741	4587
4742	4588
4743	4589
4744	4590
4746	4591
4747	4592
4748	4593
4749	4594
4750	4595
4751	4596
4752	4597
4753	4598
4754	4599
4755	4600
4756	4601
4757	4602
4758	4603
4759	4604
4760	4605
4761	4606
4762	4607
4763	4608
4764	4609
4765	4610
4766	4611
4767	4612
4768	4613
4769	4614
4770	4615
4771	4616
4772	4617
4773	4618
4774	4619
4775	4620
4776	4621
4777	4622
4778	4623
4779	4624
4780	4625
4781	4626
4782	4627
4783	4628
4785	4629
4786	4630
4787	4631
4788	4632
4789	4633
4790	4634
4791	4635
4792	4636
4793	4637
4794	4638
4795	4639
4796	4640
4797	4641
4798	4642
4799	4643
4800	4644
4801	4645
4802	4646
4803	4647
4804	4648
4805	4649
4806	4650
4807	4651
4809	4652
4810	4653
4811	4654
4812	4655
4813	4656
4814	4657
4815	4658
4816	4659
4817	4660
4818	4661
4819	4662
4820	4663
4821	4664
4822	4665
4823	4666
4824	4667
4825	4668
4826	4669
4827	4670
4828	4671
4829	4672
4830	4673
4831	4674
4832	4675
4833	4676
4834	4677
4835	4678
4836	4679
4837	4680
4838	4681
4839	4682
4840	4683
4841	4684
4842	4685
4843	4686
4844	4687
4845	4688
4846	4689
4847	4690
4848	4691
4849	4692
4850	4693
4851	4694
4852	4695
4853	4696
4854	4697
4855	4698
4856	4699
4857	4700
4858	4701
4859	4702
4860	4703
4861	4704
4862	4705
4863	4706
4864	4707
4865	4708
4866	4709
4867	4710
4868	4711
4869	4712
4870	4713
4871	4714
4872	4715
4873	4716
4874	4717
4875	4718
4876	4719
4877	4720
4878	4721
4879	4722
4880	4723
4881	4724
4882	4725
4884	4726
4885	4727
4887	4728
4888	4729
4889	4730
4890	4731
4891	4732
4892	4733
4893	4734
4894	4735
4895	4736
4896	4737
4897	4738
4898	4739
4899	4740
4900	4741
4901	4742
4902	4743
4903	4744
4904	4745
4905	4746
4906	4747
4907	4748
4908	4749
4909	4750
4910	4751
4911	4752
4912	4753
4913	4754
4914	4755
4915	4756
4916	4757
4917	4758
4918	4759
4919	4760
4920	4761
4921	4762
4922	4763
4923	4764
4924	4765
4925	4766
4926	4767
4927	4768
4928	4769
4929	4770
4930	4771
4931	4772
4932	4773
4933	4774
4934	4775
4935	4776
4936	4777
4937	4778
4938	4779
4939	4780
4940	4781
4941	4782
4942	4783
4943	4784
4944	4785
4945	4786
4946	4787
4947	4788
4948	4789
4949	4790
4950	4791
4951	4792
4952	4793
4953	4794
4954	4795
4955	4796
4956	4797
4957	4798
4958	4799
4959	4800
4960	4801
4961	4802
4962	4803
4963	4804
4964	4805
4965	4806
4966	4807
4967	4808
4968	4809
4969	4810
4970	4811
4971	4812
4972	4813
4973	4814
4974	4815
4975	4816
4976	4817
4978	4818
4979	4819
4980	4820
4981	4821
4982	4822
4983	4823
4984	4824
4985	4825
4986	4826
4987	4827
4988	4828
4989	4829
4990	4830
4991	4831
4992	4832
4993	4833
4994	4834
4995	4835
4996	4836
4997	4837
4998	4838
4999	4839
5000	4840
5001	4841
5002	4842
5003	4843
5004	4844
5005	4845
5008	4846
5009	4847
5010	4848
5011	4849
5012	4850
5013	4851
5014	4852
5015	4853
5016	4854
5017	4855
5018	4856
5019	4857
5020	4858
5021	4859
5022	4860
5023	4861
5024	4862
5025	4863
5026	4864
5027	4865
5028	4866
5029	4867
5030	4868
5031	4869
5032	4870
5033	4871
5034	4872
5035	4873
5036	4874
5037	4875
5038	4876
5039	4877
5040	4878
5041	4879
5042	4880
5043	4881
5044	4882
5045	4883
5046	4884
5047	4885
5048	4886
5049	4887
5050	4888
5051	4889
5052	4890
5053	4891
5054	4892
5055	4893
5056	4894
5057	4895
5058	4896
5060	4897
5061	4898
5062	4899
5063	4900
5065	4901
5066	4902
5067	4903
5068	4904
5069	4905
5070	4906
5071	4907
5072	4908
5073	4909
5074	4910
5075	4911
5076	4912
5077	4913
5078	4914
5079	4915
5080	4916
5081	4917
5082	4918
5083	4919
5084	4920
5085	4921
5086	4922
5087	4923
5088	4924
5089	4925
5090	4926
5091	4927
5092	4928
5093	4929
5094	4930
5095	4931
5096	4932
5097	4933
5098	4934
5100	4935
5101	4936
5102	4937
5103	4938
5104	4939
5105	4940
5106	4941
5107	4942
5108	4943
5109	4944
5110	4945
5111	4946
5112	4947
5113	4948
5114	4949
5115	4950
5117	4951
5118	4952
5119	4953
5120	4954
5121	4955
5123	4956
5126	4957
5127	4958
5128	4959
5129	4960
5130	4961
5131	4962
5132	4963
5134	4964
5135	4965
5136	4966
5137	4967
5138	4968
5139	4969
5140	4970
5141	4971
5142	4972
5143	4973
5144	4974
5145	4975
5146	4976
5147	4977
5150	4978
5151	4979
5152	4980
5153	4981
5154	4982
5155	4983
5156	4984
5157	4985
5158	4986
5159	4987
5160	4988
5161	4989
5162	4990
5163	4991
5164	4992
5165	4993
5166	4994
5167	4995
5168	4996
5170	4997
5171	4998
5172	4999
5174	5000
5175	5001
5176	5002
5177	5003
5178	5004
5179	5005
5180	5006
5181	5007
5182	5008
5183	5009
5184	5010
5185	5011
5186	5012
5188	5013
5189	5014
5190	5015
5191	5016
5192	5017
5194	5018
5195	5019
5196	5020
5198	5021
5199	5022
5200	5023
5201	5024
5202	5025
5204	5026
5205	5027
5206	5028
5207	5029
5208	5030
5209	5031
5210	5032
5211	5033
5215	5034
5216	5035
5217	5036
5218	5037
5219	5038
5220	5039
5221	5040
5222	5041
5223	5042
5224	5043
5226	5044
5227	5045
5228	5046
5229	5047
5230	5048
5231	5049
5232	5050
5233	5051
5234	5052
5235	5053
5236	5054
5237	5055
5238	5056
5239	5057
5240	5058
5241	5059
5242	5060
5243	5061
5244	5062
5245	5063
5246	5064
5247	5065
5248	5066
5249	5067
5250	5068
5251	5069
5252	5070
5253	5071
5254	5072
5255	5073
5256	5074
5257	5075
5258	5076
5259	5077
5260	5078
5261	5079
5262	5080
5263	5081
5264	5082
5265	5083
5266	5084
5267	5085
5268	5086
5269	5087
5270	5088
5271	5089
5272	5090
5273	5091
5274	5092
5275	5093
5276	5094
5277	5095
5278	5096
5279	5097
5280	5098
5281	5099
5282	5100
5283	5101
5284	5102
5285	5103
5286	5104
5287	5105
5288	5106
5289	5107
5290	5108
5291	5109
5292	5110
5293	5111
5294	5112
5295	5113
5296	5114
5297	5115
5298	5116
5299	5117
5300	5118
5301	5119
5302	5120
5303	5121
5304	5122
5305	5123
5306	5124
5307	5125
5308	5126
5309	5127
5310	5128
5312	5129
5313	5130
5314	5131
5315	5132
5316	5133
5317	5134
5318	5135
5319	5136
5320	5137
5321	5138
5322	5139
5323	5140
5324	5141
5325	5142
5326	5143
5327	5144
5328	5145
5329	5146
5331	5147
5332	5148
5333	5149
5334	5150
5335	5151
5336	5152
5337	5153
5339	5154
5340	5155
5341	5156
5342	5157
5343	5158
5344	5159
5345	5160
5346	5161
5347	5162
5348	5163
5349	5164
5350	5165
5351	5166
5352	5167
5353	5168
5354	5169
5355	5170
5356	5171
5357	5172
5358	5173
5359	5174
5360	5175
5361	5176
5362	5177
5363	5178
5364	5179
5365	5180
5366	5181
5367	5182
5368	5183
5369	5184
5371	5185
5372	5186
5373	5187
5374	5188
5375	5189
5376	5190
5377	5191
5378	5192
5380	5193
5382	5194
5383	5195
5384	5196
5386	5197
5387	5198
5388	5199
5389	5200
5390	5201
5391	5202
5392	5203
5393	5204
5394	5205
5395	5206
5396	5207
5397	5208
5398	5209
5399	5210
5400	5211
5401	5212
5402	5213
5403	5214
5404	5215
5405	5216
5406	5217
5407	5218
5408	5219
5409	5220
5410	5221
5411	5222
5412	5223
5413	5224
5414	5225
5415	5226
5416	5227
5417	5228
5418	5229
5419	5230
5420	5231
5421	5232
5422	5233
5423	5234
5424	5235
5425	5236
5426	5237
5427	5238
5428	5239
5429	5240
5430	5241
5431	5242
5432	5243
5433	5244
5434	5245
5435	5246
5436	5247
5437	5248
5438	5249
5439	5250
5440	5251
5441	5252
5442	5253
5443	5254
5444	5255
5445	5256
5446	5257
5447	5258
5448	5259
5449	5260
5450	5261
5451	5262
5452	5263
5453	5264
5454	5265
5455	5266
5456	5267
5457	5268
5458	5269
5459	5270
5460	5271
5461	5272
5462	5273
5463	5274
5464	5275
5465	5276
5466	5277
5467	5278
5468	5279
5469	5280
5470	5281
5471	5282
5472	5283
5473	5284
5474	5285
5475	5286
5476	5287
5477	5288
5478	5289
5479	5290
5480	5291
5481	5292
5482	5293
5483	5294
5484	5295
5485	5296
5486	5297
5487	5298
5488	5299
5489	5300
5490	5301
5491	5302
5492	5303
5493	5304
5494	5305
5495	5306
5496	5307
5497	5308
5498	5309
5499	5310
5500	5311
5501	5312
5502	5313
5503	5314
5504	5315
5505	5316
5506	5317
5507	5318
5508	5319
5509	5320
5510	5321
5511	5322
5512	5323
5513	5324
5514	5325
5515	5326
5516	5327
5517	5328
5518	5329
5519	5330
5520	5331
5521	5332
5522	5333
5523	5334
5524	5335
5525	5336
5526	5337
5527	5338
5528	5339
5529	5340
5530	5341
5531	5342
5532	5343
5533	5344
5534	5345
5535	5346
5536	5347
5537	5348
5538	5349
5539	5350
5540	5351
5541	5352
5542	5353
5543	5354
5544	5355
5545	5356
5546	5357
5547	5358
5548	5359
5549	5360
5550	5361
5552	5362
5553	5363
5554	5364
5555	5365
5556	5366
5557	5367
5558	5368
5559	5369
5560	5370
5561	5371
5562	5372
5563	5373
5564	5374
5565	5375
5566	5376
5567	5377
5568	5378
5569	5379
5570	5380
5571	5381
5572	5382
5573	5383
5574	5384
5575	5385
5576	5386
5577	5387
5578	5388
5579	5389
5581	5390
5582	5391
5583	5392
5584	5393
5585	5394
5586	5395
5587	5396
5588	5397
5589	5398
5590	5399
5591	5400
5592	5401
5593	5402
5594	5403
5595	5404
5596	5405
5597	5406
5598	5407
5599	5408
5600	5409
5601	5410
5602	5411
5603	5412
5604	5413
5605	5414
5607	5415
5608	5416
5609	5417
5610	5418
5611	5419
5612	5420
5613	5421
5614	5422
5615	5423
5616	5424
5617	5425
5618	5426
5619	5427
5620	5428
5621	5429
5622	5430
5623	5431
5624	5432
5625	5433
5626	5434
5627	5435
5628	5436
5629	5437
5630	5438
5631	5439
5632	5440
5633	5441
5634	5442
5635	5443
5636	5444
5637	5445
5638	5446
5639	5447
5640	5448
5641	5449
5642	5450
5643	5451
5644	5452
5645	5453
5646	5454
5647	5455
5648	5456
5649	5457
5650	5458
5651	5459
5652	5460
5653	5461
5654	5462
5655	5463
5656	5464
5657	5465
5658	5466
5659	5467
5660	5468
5661	5469
5662	5470
5663	5471
5665	5472
5666	5473
5667	5474
5668	5475
5669	5476
5670	5477
5671	5478
5672	5479
5673	5480
5675	5481
5676	5482
5677	5483
5678	5484
5679	5485
5680	5486
5681	5487
5682	5488
5683	5489
5684	5490
5685	5491
5686	5492
5687	5493
5688	5494
5690	5495
5691	5496
5692	5497
5693	5498
5694	5499
5695	5500
5696	5501
5697	5502
5698	5503
5701	5504
5702	5505
5703	5506
5704	5507
5705	5508
5706	5509
5707	5510
5708	5511
5709	5512
5710	5513
5711	5514
5712	5515
5713	5516
5714	5517
5715	5518
5716	5519
5717	5520
5718	5521
5719	5522
5720	5523
5721	5524
5722	5525
5723	5526
5724	5527
5725	5528
5726	5529
5727	5530
5728	5531
5729	5532
5730	5533
5731	5534
5732	5535
5733	5536
5734	5537
5735	5538
5736	5539
5737	5540
5738	5541
5739	5542
5740	5543
5741	5544
5742	5545
5743	5546
5744	5547
5745	5548
5746	5549
5747	5550
5748	5551
5749	5552
5750	5553
5751	5554
5752	5555
5753	5556
5754	5557
5755	5558
5756	5559
5757	5560
5758	5561
5759	5562
5760	5563
5761	5564
5762	5565
5763	5566
5764	5567
5765	5568
5766	5569
5767	5570
5768	5571
5769	5572
5770	5573
5771	5574
5772	5575
5773	5576
5774	5577
5775	5578
5776	5579
5777	5580
5778	5581
5779	5582
5780	5583
5781	5584
5782	5585
5783	5586
5784	5587
5785	5588
5786	5589
5787	5590
5788	5591
5789	5592
5790	5593
5791	5594
5792	5595
5793	5596
5794	5597
5795	5598
5796	5599
5797	5600
5798	5601
5799	5602
5800	5603
5801	5604
5802	5605
5803	5606
5804	5607
5805	5608
5807	5609
5808	5610
5809	5611
5810	5612
5811	5613
5812	5614
5813	5615
5814	5616
5815	5617
5816	5618
5817	5619
5818	5620
5819	5621
5820	5622
5821	5623
5822	5624
5823	5625
5824	5626
5825	5627
5826	5628
5827	5629
5828	5630
5829	5631
5830	5632
5831	5633
5832	5634
5833	5635
5834	5636
5835	5637
5836	5638
5837	5639
5838	5640
5839	5641
5840	5642
5841	5643
5842	5644
5843	5645
5844	5646
5845	5647
5846	5648
5847	5649
5848	5650
5849	5651
5850	5652
5851	5653
5853	5654
5854	5655
5855	5656
5856	5657
5857	5658
5858	5659
5859	5660
5860	5661
5861	5662
5862	5663
5863	5664
5864	5665
5865	5666
5866	5667
5867	5668
5868	5669
5869	5670
5870	5671
5871	5672
5872	5673
5873	5674
5874	5675
5875	5676
5876	5677
5877	5678
5878	5679
5879	5680
5880	5681
5881	5682
5882	5683
5883	5684
5884	5685
5885	5686
5886	5687
5887	5688
5888	5689
5889	5690
5890	5691
5891	5692
5892	5693
5893	5694
5894	5695
5895	5696
5896	5697
5897	5698
5898	5699
5899	5700
5900	5701
5901	5702
5902	5703
5903	5704
5904	5705
5905	5706
5906	5707
5907	5708
5908	5709
5909	5710
5910	5711
5911	5712
5912	5713
5913	5714
5914	5715
5915	5716
5916	5717
5918	5718
5919	5719
5920	5720
5921	5721
5922	5722
5923	5723
5924	5724
5925	5725
5926	5726
5927	5727
5928	5728
5929	5729
5930	5730
5931	5731
5932	5732
5933	5733
5934	5734
5935	5735
5936	5736
5937	5737
5938	5738
5939	5739
5940	5740
5941	5741
5942	5742
5943	5743
5944	5744
5945	5745
5946	5746
5948	5747
5949	5748
5950	5749
5951	5750
5952	5751
5953	5752
5954	5753
5955	5754
5956	5755
5957	5756
5958	5757
5959	5758
5960	5759
5961	5760
5962	5761
5963	5762
5964	5763
5965	5764
5966	5765
5967	5766
5968	5767
5969	5768
5970	5769
5971	5770
5972	5771
5973	5772
5974	5773
5975	5774
5976	5775
5977	5776
5978	5777
5979	5778
5980	5779
5981	5780
5982	5781
5984	5782
5985	5783
5986	5784
5987	5785
5988	5786
5989	5787
5990	5788
5991	5789
5992	5790
5993	5791
5994	5792
5995	5793
5996	5794
5997	5795
5998	5796
5999	5797
6000	5798
6001	5799
6002	5800
6003	5801
6004	5802
6005	5803
6006	5804
6007	5805
6008	5806
6009	5807
6010	5808
6011	5809
6012	5810
6013	5811
6015	5812
6016	5813
6017	5814
6019	5815
6020	5816
6021	5817
6022	5818
6023	5819
6024	5820
6025	5821
6026	5822
6027	5823
6028	5824
6029	5825
6030	5826
6031	5827
6032	5828
6033	5829
6034	5830
6035	5831
6036	5832
6037	5833
6038	5834
6039	5835
6040	5836
6041	5837
6042	5838
6043	5839
6044	5840
6045	5841
6046	5842
6047	5843
6048	5844
6049	5845
6050	5846
6051	5847
6052	5848
6053	5849
6054	5850
6055	5851
6056	5852
6057	5853
6058	5854
6059	5855
6060	5856
6061	5857
6062	5858
6063	5859
6064	5860
6065	5861
6066	5862
6067	5863
6068	5864
6070	5865
6071	5866
6072	5867
6073	5868
6074	5869
6075	5870
6076	5871
6077	5872
6078	5873
6079	5874
6080	5875
6081	5876
6082	5877
6083	5878
6084	5879
6085	5880
6086	5881
6087	5882
6088	5883
6090	5884
6091	5885
6092	5886
6093	5887
6094	5888
6095	5889
6096	5890
6097	5891
6098	5892
6099	5893
6100	5894
6101	5895
6102	5896
6103	5897
6105	5898
6106	5899
6107	5900
6108	5901
6110	5902
6111	5903
6112	5904
6113	5905
6115	5906
6116	5907
6118	5908
6119	5909
6120	5910
6121	5911
6122	5912
6123	5913
6124	5914
6125	5915
6126	5916
6128	5917
6130	5918
6131	5919
6132	5920
6133	5921
6134	5922
6135	5923
6136	5924
6137	5925
6138	5926
6139	5927
6140	5928
6141	5929
6142	5930
6143	5931
6144	5932
6145	5933
6146	5934
6147	5935
6148	5936
6149	5937
6150	5938
6151	5939
6152	5940
6153	5941
6154	5942
6155	5943
6156	5944
6157	5945
6158	5946
6159	5947
6160	5948
6161	5949
6162	5950
6163	5951
6164	5952
6165	5953
6166	5954
6167	5955
6168	5956
6169	5957
6170	5958
6171	5959
6172	5960
6173	5961
6174	5962
6175	5963
6176	5964
6177	5965
6178	5966
6179	5967
6180	5968
6181	5969
6182	5970
6183	5971
6184	5972
6185	5973
6186	5974
6187	5975
6188	5976
6189	5977
6190	5978
6191	5979
6193	5980
6194	5981
6195	5982
6196	5983
6197	5984
6198	5985
6199	5986
6200	5987
6201	5988
6202	5989
6203	5990
6204	5991
6205	5992
6206	5993
6207	5994
6208	5995
6209	5996
6210	5997
6211	5998
6212	5999
6213	6000
6214	6001
6215	6002
6216	6003
6217	6004
6218	6005
6219	6006
6220	6007
6221	6008
6222	6009
6223	6010
6224	6011
6225	6012
6226	6013
6227	6014
6228	6015
6229	6016
6230	6017
6231	6018
6232	6019
6233	6020
6234	6021
6235	6022
6237	6023
6238	6024
6239	6025
6240	6026
6242	6027
6243	6028
6245	6029
6246	6030
6247	6031
6249	6032
6251	6033
6252	6034
6253	6035
6254	6036
6255	6037
6256	6038
6257	6039
6258	6040
6259	6041
6260	6042
6261	6043
6262	6044
6263	6045
6264	6046
6265	6047
6266	6048
6267	6049
6268	6050
6269	6051
6270	6052
6271	6053
6272	6054
6273	6055
6274	6056
6275	6057
6276	6058
6277	6059
6278	6060
6279	6061
6280	6062
6281	6063
6282	6064
6283	6065
6284	6066
6286	6067
6287	6068
6288	6069
6289	6070
6290	6071
6292	6072
6293	6073
6296	6074
6297	6075
6298	6076
6299	6077
6300	6078
6301	6079
6302	6080
6303	6081
6304	6082
6305	6083
6306	6084
6307	6085
6308	6086
6309	6087
6310	6088
6311	6089
6312	6090
6313	6091
6314	6092
6315	6093
6316	6094
6317	6095
6318	6096
6319	6097
6320	6098
6321	6099
6322	6100
6323	6101
6324	6102
6325	6103
6326	6104
6327	6105
6328	6106
6329	6107
6330	6108
6331	6109
6332	6110
6333	6111
6334	6112
6335	6113
6336	6114
6337	6115
6338	6116
6339	6117
6340	6118
6341	6119
6342	6120
6343	6121
6344	6122
6346	6123
6347	6124
6348	6125
6349	6126
6350	6127
6351	6128
6352	6129
6353	6130
6354	6131
6355	6132
6356	6133
6357	6134
6358	6135
6359	6136
6360	6137
6361	6138
6362	6139
6363	6140
6364	6141
6365	6142
6366	6143
6367	6144
6368	6145
6369	6146
6370	6147
6371	6148
6372	6149
6373	6150
6374	6151
6375	6152
6376	6153
6377	6154
6378	6155
6379	6156
6380	6157
6381	6158
6382	6159
6383	6160
6384	6161
6385	6162
6386	6163
6388	6164
6389	6165
6390	6166
6391	6167
6392	6168
6393	6169
6394	6170
6395	6171
6396	6172
6397	6173
6398	6174
6399	6175
6400	6176
6401	6177
6402	6178
6403	6179
6404	6180
6405	6181
6406	6182
6408	6183
6409	6184
6411	6185
6412	6186
6413	6187
6414	6188
6415	6189
6416	6190
6417	6191
6418	6192
6419	6193
6420	6194
6421	6195
6422	6196
6423	6197
6424	6198
6425	6199
6426	6200
6427	6201
6428	6202
6429	6203
6430	6204
6431	6205
6432	6206
6433	6207
6434	6208
6435	6209
6436	6210
6437	6211
6438	6212
6439	6213
6440	6214
6441	6215
6442	6216
6443	6217
6444	6218
6445	6219
6446	6220
6447	6221
6448	6222
6449	6223
6450	6224
6451	6225
6452	6226
6453	6227
6454	6228
6455	6229
6456	6230
6458	6231
6459	6232
6460	6233
6461	6234
6462	6235
6463	6236
6464	6237
6465	6238
6466	6239
6467	6240
6468	6241
6469	6242
6470	6243
6471	6244
6472	6245
6473	6246
6474	6247
6475	6248
6478	6249
6479	6250
6480	6251
6481	6252
6482	6253
6483	6254
6484	6255
6485	6256
6486	6257
6487	6258
6488	6259
6489	6260
6490	6261
6491	6262
6492	6263
6493	6264
6494	6265
6495	6266
6496	6267
6497	6268
6498	6269
6499	6270
6500	6271
6501	6272
6502	6273
6503	6274
6504	6275
6505	6276
6506	6277
6508	6278
6509	6279
6510	6280
6511	6281
6512	6282
6513	6283
6514	6284
6515	6285
6516	6286
6517	6287
6518	6288
6519	6289
6520	6290
6521	6291
6522	6292
6523	6293
6524	6294
6525	6295
6526	6296
6527	6297
6528	6298
6529	6299
6530	6300
6531	6301
6532	6302
6533	6303
6534	6304
6535	6305
6536	6306
6537	6307
6538	6308
6539	6309
6540	6310
6541	6311
6542	6312
6543	6313
6544	6314
6545	6315
6546	6316
6547	6317
6548	6318
6549	6319
6550	6320
6551	6321
6552	6322
6553	6323
6554	6324
6555	6325
6556	6326
6557	6327
6558	6328
6559	6329
6560	6330
6561	6331
6562	6332
6563	6333
6564	6334
6565	6335
6566	6336
6567	6337
6568	6338
6569	6339
6570	6340
6572	6341
6573	6342
6574	6343
6576	6344
6577	6345
6578	6346
6579	6347
6580	6348
6581	6349
6582	6350
6583	6351
6584	6352
6585	6353
6586	6354
6587	6355
6588	6356
6589	6357
6590	6358
6591	6359
6593	6360
6594	6361
6595	6362
6596	6363
6598	6364
6599	6365
6600	6366
6601	6367
6602	6368
6603	6369
6604	6370
6606	6371
6607	6372
6610	6373
6611	6374
6612	6375
6613	6376
6615	6377
6616	6378
6617	6379
6618	6380
6619	6381
6620	6382
6621	6383
6622	6384
6623	6385
6624	6386
6625	6387
6626	6388
6627	6389
6628	6390
6629	6391
6630	6392
6631	6393
6632	6394
6633	6395
6634	6396
6635	6397
6636	6398
6637	6399
6638	6400
6639	6401
6640	6402
6641	6403
6642	6404
6643	6405
6644	6406
6645	6407
6646	6408
6647	6409
6648	6410
6649	6411
6650	6412
6651	6413
6652	6414
6653	6415
6654	6416
6655	6417
6656	6418
6657	6419
6658	6420
6659	6421
6660	6422
6661	6423
6662	6424
6664	6425
6665	6426
6666	6427
6667	6428
6668	6429
6669	6430
6670	6431
6671	6432
6672	6433
6673	6434
6674	6435
6675	6436
6676	6437
6677	6438
6678	6439
6679	6440
6680	6441
6681	6442
6682	6443
6683	6444
6684	6445
6685	6446
6686	6447
6687	6448
6688	6449
6689	6450
6690	6451
6691	6452
6692	6453
6693	6454
6694	6455
6695	6456
6696	6457
6697	6458
6698	6459
6699	6460
6701	6461
6702	6462
6703	6463
6704	6464
6705	6465
6706	6466
6707	6467
6708	6468
6709	6469
6710	6470
6711	6471
6712	6472
6713	6473
6714	6474
6715	6475
6716	6476
6717	6477
6720	6478
6721	6479
6722	6480
6723	6481
6724	6482
6725	6483
6726	6484
6727	6485
6728	6486
6729	6487
6730	6488
6731	6489
6732	6490
6733	6491
6734	6492
6735	6493
6736	6494
6737	6495
6738	6496
6739	6497
6740	6498
6741	6499
6742	6500
6743	6501
6744	6502
6745	6503
6746	6504
6747	6505
6748	6506
6749	6507
6750	6508
6751	6509
6752	6510
6753	6511
6754	6512
6756	6513
6757	6514
6758	6515
6759	6516
6760	6517
6761	6518
6762	6519
6763	6520
6764	6521
6765	6522
6766	6523
6767	6524
6768	6525
6769	6526
6770	6527
6771	6528
6772	6529
6773	6530
6774	6531
6775	6532
6776	6533
6777	6534
6778	6535
6779	6536
6780	6537
6781	6538
6782	6539
6783	6540
6784	6541
6785	6542
6786	6543
6787	6544
6788	6545
6789	6546
6790	6547
6791	6548
6792	6549
6793	6550
6794	6551
6795	6552
6796	6553
6797	6554
6798	6555
6799	6556
6800	6557
6801	6558
6802	6559
6803	6560
6804	6561
6805	6562
6806	6563
6807	6564
6808	6565
6809	6566
6810	6567
6811	6568
6812	6569
6813	6570
6814	6571
6815	6572
6816	6573
6817	6574
6818	6575
6819	6576
6820	6577
6821	6578
6822	6579
6823	6580
6824	6581
6825	6582
6826	6583
6827	6584
6828	6585
6830	6586
6831	6587
6832	6588
6833	6589
6834	6590
6835	6591
6836	6592
6837	6593
6838	6594
6839	6595
6840	6596
6841	6597
6842	6598
6843	6599
6844	6600
6845	6601
6846	6602
6847	6603
6848	6604
6849	6605
6850	6606
6851	6607
6852	6608
6853	6609
6854	6610
6855	6611
6856	6612
6857	6613
6858	6614
6859	6615
6862	6616
6863	6617
6864	6618
6865	6619
6866	6620
6867	6621
6868	6622
6869	6623
6870	6624
6871	6625
6872	6626
6873	6627
6874	6628
6875	6629
6876	6630
6877	6631
6878	6632
6879	6633
6880	6634
6881	6635
6882	6636
6883	6637
6884	6638
6885	6639
6886	6640
6887	6641
6888	6642
6889	6643
6890	6644
6891	6645
6892	6646
6893	6647
6894	6648
6895	6649
6896	6650
6898	6651
6899	6652
6900	6653
6901	6654
6902	6655
6903	6656
6904	6657
6905	6658
6906	6659
6907	6660
6908	6661
6909	6662
6910	6663
6911	6664
6912	6665
6913	6666
6914	6667
6915	6668
6916	6669
6917	6670
6918	6671
6919	6672
6920	6673
6921	6674
6922	6675
6923	6676
6924	6677
6926	6678
6927	6679
6928	6680
6929	6681
6930	6682
6931	6683
6932	6684
6933	6685
6934	6686
6935	6687
6936	6688
6937	6689
6938	6690
6939	6691
6940	6692
6941	6693
6942	6694
6943	6695
6944	6696
6945	6697
6946	6698
6947	6699
6949	6700
6950	6701
6951	6702
6952	6703
6953	6704
6954	6705
6955	6706
6956	6707
6957	6708
6958	6709
6959	6710
6960	6711
6961	6712
6962	6713
6963	6714
6964	6715
6965	6716
6966	6717
6967	6718
6968	6719
6969	6720
6970	6721
6971	6722
6972	6723
6973	6724
6974	6725
6975	6726
6976	6727
6977	6728
6978	6729
6979	6730
6980	6731
6981	6732
6982	6733
6983	6734
6984	6735
6985	6736
6986	6737
6987	6738
6988	6739
6989	6740
6990	6741
6991	6742
6992	6743
6993	6744
6994	6745
6995	6746
6996	6747
6997	6748
6998	6749
6999	6750
7000	6751
7001	6752
7002	6753
7003	6754
7004	6755
7005	6756
7006	6757
7007	6758
7008	6759
7009	6760
7010	6761
7011	6762
7012	6763
7013	6764
7014	6765
7015	6766
7016	6767
7017	6768
7018	6769
7019	6770
7020	6771
7021	6772
7022	6773
7023	6774
7024	6775
7025	6776
7026	6777
7027	6778
7028	6779
7029	6780
7030	6781
7031	6782
7032	6783
7033	6784
7034	6785
7035	6786
7036	6787
7037	6788
7038	6789
7039	6790
7040	6791
7041	6792
7042	6793
7043	6794
7044	6795
7045	6796
7046	6797
7047	6798
7048	6799
7049	6800
7050	6801
7051	6802
7052	6803
7053	6804
7054	6805
7055	6806
7056	6807
7057	6808
7058	6809
7059	6810
7060	6811
7061	6812
7062	6813
7063	6814
7064	6815
7065	6816
7066	6817
7067	6818
7068	6819
7069	6820
7070	6821
7071	6822
7072	6823
7073	6824
7074	6825
7075	6826
7076	6827
7077	6828
7078	6829
7079	6830
7080	6831
7081	6832
7082	6833
7083	6834
7084	6835
7085	6836
7086	6837
7087	6838
7088	6839
7089	6840
7090	6841
7091	6842
7093	6843
7094	6844
7095	6845
7096	6846
7097	6847
7098	6848
7099	6849
7100	6850
7101	6851
7102	6852
7103	6853
7104	6854
7105	6855
7106	6856
7107	6857
7108	6858
7109	6859
7111	6860
7112	6861
7113	6862
7114	6863
7115	6864
7116	6865
7117	6866
7118	6867
7119	6868
7120	6869
7121	6870
7122	6871
7123	6872
7124	6873
7125	6874
7126	6875
7127	6876
7128	6877
7129	6878
7130	6879
7131	6880
7132	6881
7133	6882
7134	6883
7135	6884
7136	6885
7137	6886
7138	6887
7139	6888
7140	6889
7141	6890
7142	6891
7143	6892
7144	6893
7145	6894
7146	6895
7147	6896
7148	6897
7149	6898
7150	6899
7151	6900
7152	6901
7153	6902
7154	6903
7155	6904
7156	6905
7157	6906
7158	6907
7159	6908
7160	6909
7161	6910
7162	6911
7163	6912
7164	6913
7165	6914
7166	6915
7167	6916
7168	6917
7169	6918
7170	6919
7171	6920
7172	6921
7173	6922
7174	6923
7175	6924
7176	6925
7178	6926
7179	6927
7180	6928
7181	6929
7182	6930
7183	6931
7184	6932
7185	6933
7186	6934
7187	6935
7188	6936
7189	6937
7190	6938
7191	6939
7192	6940
7193	6941
7194	6942
7195	6943
7196	6944
7197	6945
7198	6946
7199	6947
7200	6948
7202	6949
7203	6950
7204	6951
7205	6952
7206	6953
7207	6954
7208	6955
7209	6956
7210	6957
7211	6958
7212	6959
7213	6960
7214	6961
7215	6962
7216	6963
7217	6964
7218	6965
7219	6966
7220	6967
7221	6968
7222	6969
7223	6970
7224	6971
7225	6972
7226	6973
7227	6974
7228	6975
7229	6976
7230	6977
7231	6978
7232	6979
7233	6980
7234	6981
7235	6982
7236	6983
7237	6984
7238	6985
7239	6986
7240	6987
7241	6988
7242	6989
7243	6990
7244	6991
7245	6992
7246	6993
7247	6994
7248	6995
7249	6996
7250	6997
7251	6998
7252	6999
7253	7000
7254	7001
7255	7002
7256	7003
7257	7004
7258	7005
7259	7006
7260	7007
7261	7008
7263	7009
7264	7010
7265	7011
7266	7012
7267	7013
7268	7014
7269	7015
7270	7016
7271	7017
7272	7018
7274	7019
7275	7020
7276	7021
7277	7022
7278	7023
7279	7024
7280	7025
7281	7026
7282	7027
7283	7028
7284	7029
7285	7030
7286	7031
7287	7032
7288	7033
7289	7034
7290	7035
7291	7036
7292	7037
7293	7038
7294	7039
7295	7040
7296	7041
7297	7042
7298	7043
7299	7044
7300	7045
7301	7046
7302	7047
7303	7048
7304	7049
7305	7050
7306	7051
7307	7052
7308	7053
7309	7054
7310	7055
7311	7056
7312	7057
7313	7058
7314	7059
7315	7060
7316	7061
7317	7062
7318	7063
7319	7064
7320	7065
7321	7066
7322	7067
7323	7068
7324	7069
7325	7070
7326	7071
7327	7072
7328	7073
7329	7074
7330	7075
7331	7076
7332	7077
7334	7078
7335	7079
7336	7080
7337	7081
7338	7082
7339	7083
7340	7084
7342	7085
7343	7086
7344	7087
7345	7088
7346	7089
7347	7090
7348	7091
7349	7092
7350	7093
7351	7094
7352	7095
7353	7096
7354	7097
7355	7098
7356	7099
7357	7100
7358	7101
7359	7102
7360	7103
7361	7104
7362	7105
7363	7106
7364	7107
7365	7108
7366	7109
7367	7110
7368	7111
7369	7112
7370	7113
7371	7114
7372	7115
7373	7116
7374	7117
7375	7118
7376	7119
7377	7120
7378	7121
7379	7122
7380	7123
7381	7124
7382	7125
7383	7126
7384	7127
7385	7128
7386	7129
7387	7130
7388	7131
7389	7132
7390	7133
7392	7134
7393	7135
7394	7136
7396	7137
7397	7138
7398	7139
7399	7140
7400	7141
7401	7142
7402	7143
7403	7144
7404	7145
7405	7146
7406	7147
7407	7148
7408	7149
7409	7150
7410	7151
7414	7152
7415	7153
7416	7154
7417	7155
7418	7156
7419	7157
7420	7158
7421	7159
7422	7160
7424	7161
7425	7162
7426	7163
7427	7164
7428	7165
7429	7166
7430	7167
7431	7168
7433	7169
7434	7170
7436	7171
7437	7172
7438	7173
7439	7174
7440	7175
7441	7176
7442	7177
7443	7178
7444	7179
7445	7180
7446	7181
7447	7182
7448	7183
7449	7184
7450	7185
7451	7186
7452	7187
7453	7188
7454	7189
7455	7190
7456	7191
7457	7192
7458	7193
7459	7194
7460	7195
7461	7196
7462	7197
7463	7198
7464	7199
7465	7200
7466	7201
7467	7202
7468	7203
7469	7204
7471	7205
7472	7206
7473	7207
7474	7208
7475	7209
7476	7210
7477	7211
7478	7212
7479	7213
7480	7214
7481	7215
7482	7216
7483	7217
7484	7218
7485	7219
7486	7220
7487	7221
7488	7222
7489	7223
7490	7224
7491	7225
7492	7226
7493	7227
7494	7228
7495	7229
7496	7230
7497	7231
7498	7232
7499	7233
7500	7234
7501	7235
7502	7236
7503	7237
7504	7238
7505	7239
7506	7240
7508	7241
7509	7242
7510	7243
7511	7244
7512	7245
7513	7246
7514	7247
7515	7248
7516	7249
7517	7250
7518	7251
7519	7252
7520	7253
7521	7254
7522	7255
7523	7256
7524	7257
7525	7258
7526	7259
7527	7260
7528	7261
7529	7262
7530	7263
7531	7264
7532	7265
7533	7266
7534	7267
7535	7268
7536	7269
7539	7270
7540	7271
7541	7272
7542	7273
7543	7274
7544	7275
7545	7276
7546	7277
7547	7278
7548	7279
7549	7280
7550	7281
7551	7282
7552	7283
7553	7284
7554	7285
7555	7286
7556	7287
7557	7288
7559	7289
7560	7290
7561	7291
7562	7292
7563	7293
7565	7294
7566	7295
7567	7296
7568	7297
7569	7298
7570	7299
7571	7300
7572	7301
7573	7302
7574	7303
7575	7304
7576	7305
7577	7306
7578	7307
7579	7308
7580	7309
7581	7310
7582	7311
7583	7312
7585	7313
7586	7314
7587	7315
7588	7316
7590	7317
7591	7318
7592	7319
7593	7320
7594	7321
7595	7322
7596	7323
7598	7324
7599	7325
7600	7326
7601	7327
7602	7328
7603	7329
7604	7330
7605	7331
7606	7332
7607	7333
7608	7334
7609	7335
7610	7336
7611	7337
7612	7338
7613	7339
7614	7340
7615	7341
7616	7342
7617	7343
7618	7344
7619	7345
7620	7346
7621	7347
7622	7348
7623	7349
7624	7350
7625	7351
7626	7352
7627	7353
7628	7354
7629	7355
7630	7356
7631	7357
7632	7358
7633	7359
7634	7360
7635	7361
7636	7362
7637	7363
7638	7364
7639	7365
7640	7366
7641	7367
7642	7368
7644	7369
7645	7370
7646	7371
7647	7372
7648	7373
7651	7374
7652	7375
7653	7376
7654	7377
7655	7378
7656	7379
7657	7380
7658	7381
7659	7382
7660	7383
7661	7384
7662	7385
7663	7386
7664	7387
7665	7388
7666	7389
7667	7390
7669	7391
7670	7392
7671	7393
7672	7394
7673	7395
7674	7396
7675	7397
7676	7398
7677	7399
7678	7400
7679	7401
7680	7402
7682	7403
7683	7404
7684	7405
7685	7406
7686	7407
7687	7408
7688	7409
7689	7410
7690	7411
7691	7412
7692	7413
7693	7414
7694	7415
7695	7416
7696	7417
7697	7418
7698	7419
7699	7420
7700	7421
7701	7422
7703	7423
7704	7424
7705	7425
7706	7426
7707	7427
7708	7428
7709	7429
7710	7430
7711	7431
7712	7432
7713	7433
7714	7434
7715	7435
7716	7436
7717	7437
7718	7438
7719	7439
7720	7440
7721	7441
7722	7442
7723	7443
7724	7444
7726	7445
7727	7446
7729	7447
7730	7448
7731	7449
7732	7450
7733	7451
7734	7452
7735	7453
7736	7454
7737	7455
7738	7456
7739	7457
7740	7458
7741	7459
7742	7460
7743	7461
7744	7462
7745	7463
7749	7464
7750	7465
7752	7466
7755	7467
7757	7468
7760	7469
7761	7470
7762	7471
7763	7472
7765	7473
7766	7474
7767	7475
7768	7476
7769	7477
7770	7478
7771	7479
7772	7480
7773	7481
7774	7482
7775	7483
7776	7484
7777	7485
7778	7486
7779	7487
7780	7488
7781	7489
7782	7490
7783	7491
7784	7492
7785	7493
7786	7494
7787	7495
7788	7496
7789	7497
7790	7498
7791	7499
7792	7500
7793	7501
7795	7502
7797	7503
7798	7504
7799	7505
7800	7506
7801	7507
7802	7508
7803	7509
7804	7510
7805	7511
7807	7512
7808	7513
7809	7514
7810	7515
7811	7516
7812	7517
7813	7518
7814	7519
7816	7520
7817	7521
7818	7522
7819	7523
7820	7524
7821	7525
7822	7526
7823	7527
7824	7528
7825	7529
7826	7530
7827	7531
7828	7532
7829	7533
7830	7534
7831	7535
7832	7536
7833	7537
7834	7538
7835	7539
7836	7540
7838	7541
7839	7542
7840	7543
7841	7544
7842	7545
7843	7546
7844	7547
7845	7548
7846	7549
7847	7550
7848	7551
7849	7552
7850	7553
7851	7554
7852	7555
7854	7556
7855	7557
7856	7558
7857	7559
7858	7560
7859	7561
7860	7562
7861	7563
7862	7564
7863	7565
7864	7566
7865	7567
7866	7568
7867	7569
7868	7570
7869	7571
7870	7572
7871	7573
7872	7574
7873	7575
7874	7576
7875	7577
7876	7578
7877	7579
7878	7580
7879	7581
7880	7582
7883	7583
7884	7584
7885	7585
7886	7586
7887	7587
7890	7588
7891	7589
7892	7590
7893	7591
7894	7592
7895	7593
7896	7594
7897	7595
7900	7596
7901	7597
7903	7598
7904	7599
7905	7600
7906	7601
7907	7602
7908	7603
7909	7604
7910	7605
7911	7606
7912	7607
7913	7608
7914	7609
7915	7610
7916	7611
7917	7612
7918	7613
7919	7614
7920	7615
7921	7616
7922	7617
7923	7618
7924	7619
7925	7620
7926	7621
7927	7622
7928	7623
7929	7624
7930	7625
7931	7626
7932	7627
7933	7628
7934	7629
7935	7630
7936	7631
7937	7632
7938	7633
7939	7634
7940	7635
7941	7636
7942	7637
7943	7638
7944	7639
7945	7640
7946	7641
7947	7642
7948	7643
7949	7644
7950	7645
7951	7646
7952	7647
7953	7648
7954	7649
7955	7650
7957	7651
7958	7652
7959	7653
7960	7654
7961	7655
7962	7656
7963	7657
7964	7658
7965	7659
7966	7660
7967	7661
7968	7662
7969	7663
7970	7664
7971	7665
7972	7666
7973	7667
7974	7668
7975	7669
7976	7670
7977	7671
7978	7672
7979	7673
7980	7674
7981	7675
7982	7676
7983	7677
7985	7678
7986	7679
7988	7680
7989	7681
7990	7682
7991	7683
7992	7684
7993	7685
7994	7686
7995	7687
7996	7688
7997	7689
7998	7690
7999	7691
8000	7692
8001	7693
8002	7694
8003	7695
8004	7696
8005	7697
8006	7698
8007	7699
8008	7700
8009	7701
8010	7702
8011	7703
8012	7704
8013	7705
8014	7706
8015	7707
8016	7708
8017	7709
8018	7710
8019	7711
8020	7712
8021	7713
8022	7714
8023	7715
8024	7716
8026	7717
8027	7718
8028	7719
8029	7720
8030	7721
8031	7722
8032	7723
8033	7724
8035	7725
8036	7726
8037	7727
8038	7728
8039	7729
8040	7730
8041	7731
8042	7732
8044	7733
8045	7734
8046	7735
8047	7736
8048	7737
8049	7738
8050	7739
8051	7740
8052	7741
8053	7742
8054	7743
8055	7744
8056	7745
8057	7746
8058	7747
8059	7748
8060	7749
8061	7750
8062	7751
8063	7752
8064	7753
8065	7754
8066	7755
8067	7756
8068	7757
8069	7758
8070	7759
8071	7760
8072	7761
8073	7762
8074	7763
8075	7764
8076	7765
8077	7766
8078	7767
8079	7768
8080	7769
8081	7770
8082	7771
8083	7772
8084	7773
8085	7774
8086	7775
8087	7776
8088	7777
8090	7778
8091	7779
8092	7780
8093	7781
8094	7782
8095	7783
8096	7784
8097	7785
8098	7786
8099	7787
8100	7788
8101	7789
8102	7790
8103	7791
8104	7792
8105	7793
8106	7794
8107	7795
8108	7796
8109	7797
8110	7798
8111	7799
8112	7800
8113	7801
8114	7802
8115	7803
8116	7804
8117	7805
8118	7806
8119	7807
8120	7808
8121	7809
8122	7810
8123	7811
8124	7812
8125	7813
8126	7814
8127	7815
8128	7816
8129	7817
8130	7818
8131	7819
8132	7820
8133	7821
8134	7822
8135	7823
8136	7824
8137	7825
8138	7826
8139	7827
8140	7828
8141	7829
8142	7830
8143	7831
8144	7832
8145	7833
8146	7834
8147	7835
8148	7836
8149	7837
8150	7838
8151	7839
8152	7840
8153	7841
8154	7842
8155	7843
8156	7844
8157	7845
8158	7846
8159	7847
8160	7848
8161	7849
8162	7850
8163	7851
8164	7852
8165	7853
8166	7854
8167	7855
8168	7856
8169	7857
8170	7858
8171	7859
8172	7860
8173	7861
8174	7862
8175	7863
8176	7864
8177	7865
8178	7866
8179	7867
8180	7868
8181	7869
8182	7870
8183	7871
8184	7872
8185	7873
8187	7874
8189	7875
8191	7876
8192	7877
8193	7878
8194	7879
8195	7880
8196	7881
8197	7882
8198	7883
8199	7884
8200	7885
8201	7886
8202	7887
8203	7888
8204	7889
8205	7890
8206	7891
8207	7892
8208	7893
8209	7894
8210	7895
8211	7896
8212	7897
8213	7898
8214	7899
8215	7900
8216	7901
8217	7902
8218	7903
8219	7904
8220	7905
8221	7906
8222	7907
8223	7908
8224	7909
8225	7910
8226	7911
8227	7912
8228	7913
8229	7914
8230	7915
8231	7916
8232	7917
8233	7918
8234	7919
8235	7920
8236	7921
8237	7922
8238	7923
8239	7924
8240	7925
8241	7926
8242	7927
8243	7928
8244	7929
8245	7930
8246	7931
8247	7932
8248	7933
8249	7934
8250	7935
8251	7936
8253	7937
8254	7938
8256	7939
8257	7940
8258	7941
8259	7942
8260	7943
8261	7944
8262	7945
8263	7946
8264	7947
8265	7948
8266	7949
8267	7950
8268	7951
8269	7952
8270	7953
8271	7954
8272	7955
8273	7956
8274	7957
8275	7958
8276	7959
8278	7960
8279	7961
8280	7962
8281	7963
8282	7964
8283	7965
8284	7966
8285	7967
8286	7968
8287	7969
8288	7970
8289	7971
8290	7972
8291	7973
8292	7974
8294	7975
8295	7976
8296	7977
8297	7978
8298	7979
8299	7980
8300	7981
8301	7982
8302	7983
8303	7984
8304	7985
8305	7986
8306	7987
8307	7988
8308	7989
8309	7990
8310	7991
8311	7992
8312	7993
8313	7994
8314	7995
8315	7996
8316	7997
8317	7998
8318	7999
8319	8000
8320	8001
8321	8002
8322	8003
8323	8004
8325	8005
8326	8006
8327	8007
8328	8008
8329	8009
8330	8010
8331	8011
8332	8012
8333	8013
8335	8014
8336	8015
8337	8016
8338	8017
8339	8018
8340	8019
8341	8020
8342	8021
8343	8022
8344	8023
8345	8024
8346	8025
8347	8026
8348	8027
8349	8028
8350	8029
8351	8030
8352	8031
8353	8032
8354	8033
8355	8034
8356	8035
8357	8036
8358	8037
8359	8038
8360	8039
8361	8040
8362	8041
8363	8042
8364	8043
8365	8044
8366	8045
8367	8046
8368	8047
8369	8048
8370	8049
8371	8050
8372	8051
8373	8052
8374	8053
8375	8054
8376	8055
8377	8056
8378	8057
8379	8058
8380	8059
8381	8060
8382	8061
8383	8062
8384	8063
8385	8064
8386	8065
8387	8066
8388	8067
8389	8068
8390	8069
8391	8070
8392	8071
8393	8072
8394	8073
8395	8074
8396	8075
8397	8076
8398	8077
8399	8078
8400	8079
8401	8080
8402	8081
8403	8082
8404	8083
8405	8084
8406	8085
8407	8086
8408	8087
8409	8088
8410	8089
8411	8090
8412	8091
8413	8092
8414	8093
8415	8094
8416	8095
8417	8096
8418	8097
8419	8098
8420	8099
8421	8100
8422	8101
8423	8102
8424	8103
8425	8104
8426	8105
8427	8106
8428	8107
8429	8108
8430	8109
8431	8110
8432	8111
8433	8112
8434	8113
8435	8114
8436	8115
8437	8116
8438	8117
8439	8118
8440	8119
8441	8120
8442	8121
8443	8122
8444	8123
8445	8124
8446	8125
8447	8126
8448	8127
8449	8128
8450	8129
8451	8130
8452	8131
8453	8132
8454	8133
8455	8134
8456	8135
8457	8136
8458	8137
8459	8138
8460	8139
8461	8140
8462	8141
8463	8142
8464	8143
8465	8144
8466	8145
8467	8146
8468	8147
8469	8148
8470	8149
8471	8150
8472	8151
8473	8152
8474	8153
8475	8154
8476	8155
8477	8156
8478	8157
8479	8158
8480	8159
8481	8160
8482	8161
8483	8162
8484	8163
8485	8164
8486	8165
8489	8166
8490	8167
8491	8168
8492	8169
8493	8170
8494	8171
8495	8172
8496	8173
8497	8174
8498	8175
8499	8176
8500	8177
8501	8178
8502	8179
8503	8180
8504	8181
8505	8182
8506	8183
8507	8184
8508	8185
8509	8186
8510	8187
8511	8188
8512	8189
8513	8190
8514	8191
8515	8192
8516	8193
8517	8194
8518	8195
8519	8196
8520	8197
8521	8198
8522	8199
8523	8200
8524	8201
8525	8202
8526	8203
8527	8204
8528	8205
8529	8206
8530	8207
8532	8208
8533	8209
8534	8210
8535	8211
8536	8212
8537	8213
8538	8214
8539	8215
8540	8216
8541	8217
8542	8218
8543	8219
8544	8220
8545	8221
8546	8222
8547	8223
8548	8224
8549	8225
8550	8226
8551	8227
8552	8228
8553	8229
8554	8230
8555	8231
8556	8232
8557	8233
8558	8234
8559	8235
8560	8236
8562	8237
8563	8238
8564	8239
8565	8240
8566	8241
8567	8242
8568	8243
8569	8244
8570	8245
8571	8246
8572	8247
8573	8248
8574	8249
8575	8250
8576	8251
8577	8252
8578	8253
8579	8254
8580	8255
8581	8256
8582	8257
8583	8258
8584	8259
8585	8260
8586	8261
8587	8262
8588	8263
8589	8264
8590	8265
8591	8266
8592	8267
8593	8268
8594	8269
8595	8270
8597	8271
8598	8272
8599	8273
8600	8274
8601	8275
8602	8276
8603	8277
8604	8278
8605	8279
8606	8280
8607	8281
8608	8282
8609	8283
8610	8284
8611	8285
8612	8286
8613	8287
8614	8288
8616	8289
8617	8290
8618	8291
8619	8292
8620	8293
8621	8294
8622	8295
8623	8296
8624	8297
8625	8298
8626	8299
8627	8300
8629	8301
8630	8302
8631	8303
8632	8304
8633	8305
8634	8306
8635	8307
8636	8308
8637	8309
8638	8310
8639	8311
8640	8312
8641	8313
8642	8314
8644	8315
8645	8316
8646	8317
8647	8318
8648	8319
8649	8320
8650	8321
8651	8322
8652	8323
8653	8324
8654	8325
8655	8326
8656	8327
8657	8328
8658	8329
8659	8330
8660	8331
8661	8332
8662	8333
8665	8334
8666	8335
8667	8336
8668	8337
8669	8338
8670	8339
8671	8340
8672	8341
8673	8342
8674	8343
8675	8344
8676	8345
8677	8346
8678	8347
8680	8348
8681	8349
8682	8350
8683	8351
8684	8352
8685	8353
8686	8354
8687	8355
8688	8356
8689	8357
8690	8358
8691	8359
8692	8360
8693	8361
8694	8362
8695	8363
8696	8364
8697	8365
8698	8366
8699	8367
8700	8368
8701	8369
8702	8370
8703	8371
8704	8372
8705	8373
8706	8374
8707	8375
8708	8376
8709	8377
8710	8378
8712	8379
8715	8380
8716	8381
8717	8382
8718	8383
8719	8384
8720	8385
8721	8386
8722	8387
8723	8388
8724	8389
8725	8390
8726	8391
8727	8392
8728	8393
8729	8394
8730	8395
8731	8396
8732	8397
8734	8398
8735	8399
8736	8400
8737	8401
8738	8402
8739	8403
8740	8404
8741	8405
8742	8406
8743	8407
8744	8408
8746	8409
8747	8410
8748	8411
8749	8412
8750	8413
8751	8414
8752	8415
8753	8416
8754	8417
8755	8418
8756	8419
8757	8420
8758	8421
8759	8422
8760	8423
8761	8424
8762	8425
8763	8426
8764	8427
8765	8428
8766	8429
8767	8430
8768	8431
8769	8432
8770	8433
8771	8434
8772	8435
8773	8436
8774	8437
8775	8438
8776	8439
8777	8440
8778	8441
8779	8442
8780	8443
8783	8444
8784	8445
8785	8446
8786	8447
8787	8448
8788	8449
8789	8450
8790	8451
8792	8452
8793	8453
8794	8454
8795	8455
8796	8456
8797	8457
8798	8458
8799	8459
8800	8460
8801	8461
8802	8462
8803	8463
8804	8464
8805	8465
8806	8466
8807	8467
8808	8468
8809	8469
8810	8470
8811	8471
8812	8472
8813	8473
8814	8474
8815	8475
8816	8476
8817	8477
8818	8478
8820	8479
8821	8480
8822	8481
8823	8482
8824	8483
8825	8484
8826	8485
8827	8486
8828	8487
8829	8488
8830	8489
8831	8490
8832	8491
8833	8492
8834	8493
8835	8494
8836	8495
8837	8496
8838	8497
8839	8498
8840	8499
8841	8500
8842	8501
8843	8502
8844	8503
8845	8504
8846	8505
8847	8506
8848	8507
8849	8508
8850	8509
8851	8510
8852	8511
8853	8512
8854	8513
8856	8514
8857	8515
8858	8516
8859	8517
8860	8518
8861	8519
8862	8520
8864	8521
8865	8522
8866	8523
8867	8524
8868	8525
8869	8526
8870	8527
8871	8528
8872	8529
8873	8530
8874	8531
8875	8532
8876	8533
8877	8534
8878	8535
8880	8536
8881	8537
8882	8538
8883	8539
8884	8540
8885	8541
8886	8542
8887	8543
8888	8544
8890	8545
8891	8546
8892	8547
8893	8548
8895	8549
8896	8550
8897	8551
8898	8552
8899	8553
8900	8554
8901	8555
8902	8556
8903	8557
8904	8558
8905	8559
8906	8560
8907	8561
8908	8562
8910	8563
8911	8564
8912	8565
8913	8566
8914	8567
8915	8568
8916	8569
8917	8570
8918	8571
8919	8572
8920	8573
8921	8574
8922	8575
8923	8576
8924	8577
8925	8578
8926	8579
8927	8580
8928	8581
8929	8582
8930	8583
8931	8584
8932	8585
8933	8586
8934	8587
8935	8588
8936	8589
8937	8590
8939	8591
8940	8592
8941	8593
8942	8594
8943	8595
8944	8596
8945	8597
8946	8598
8947	8599
8948	8600
8949	8601
8950	8602
8951	8603
8952	8604
8953	8605
8954	8606
8955	8607
8956	8608
8957	8609
8958	8610
8959	8611
8960	8612
8961	8613
8962	8614
8963	8615
8964	8616
8965	8617
8966	8618
8967	8619
8968	8620
8969	8621
8970	8622
8971	8623
8972	8624
8973	8625
8974	8626
8975	8627
8976	8628
8977	8629
8979	8630
8980	8631
8981	8632
8982	8633
8983	8634
8984	8635
8986	8636
8987	8637
8988	8638
8989	8639
8990	8640
8991	8641
8992	8642
8993	8643
8994	8644
8995	8645
8996	8646
8997	8647
8998	8648
8999	8649
9000	8650
9001	8651
9002	8652
9003	8653
9004	8654
9005	8655
9006	8656
9007	8657
9008	8658
9009	8659
9010	8660
9011	8661
9012	8662
9013	8663
9014	8664
9015	8665
9016	8666
9017	8667
9018	8668
9019	8669
9020	8670
9021	8671
9022	8672
9023	8673
9024	8674
9025	8675
9026	8676
9027	8677
9028	8678
9029	8679
9030	8680
9031	8681
9032	8682
9033	8683
9034	8684
9035	8685
9036	8686
9037	8687
9038	8688
9039	8689
9040	8690
9041	8691
9042	8692
9043	8693
9044	8694
9045	8695
9046	8696
9047	8697
9048	8698
9051	8699
9052	8700
9053	8701
9054	8702
9055	8703
9056	8704
9057	8705
9059	8706
9060	8707
9061	8708
9062	8709
9063	8710
9064	8711
9065	8712
9066	8713
9067	8714
9068	8715
9069	8716
9070	8717
9071	8718
9072	8719
9073	8720
9074	8721
9075	8722
9076	8723
9077	8724
9078	8725
9079	8726
9080	8727
9081	8728
9082	8729
9083	8730
9084	8731
9085	8732
9086	8733
9087	8734
9088	8735
9089	8736
9090	8737
9092	8738
9093	8739
9094	8740
9095	8741
9097	8742
9098	8743
9099	8744
9100	8745
9101	8746
9102	8747
9103	8748
9104	8749
9105	8750
9106	8751
9107	8752
9108	8753
9109	8754
9110	8755
9111	8756
9112	8757
9113	8758
9114	8759
9115	8760
9117	8761
9118	8762
9119	8763
9121	8764
9122	8765
9123	8766
9124	8767
9125	8768
9126	8769
9127	8770
9128	8771
9129	8772
9130	8773
9131	8774
9132	8775
9133	8776
9134	8777
9135	8778
9136	8779
9137	8780
9138	8781
9139	8782
9140	8783
9141	8784
9142	8785
9143	8786
9144	8787
9146	8788
9147	8789
9148	8790
9149	8791
9150	8792
9151	8793
9152	8794
9153	8795
9154	8796
9155	8797
9156	8798
9159	8799
9160	8800
9161	8801
9162	8802
9163	8803
9164	8804
9165	8805
9166	8806
9167	8807
9168	8808
9170	8809
9171	8810
9172	8811
9173	8812
9174	8813
9175	8814
9176	8815
9177	8816
9178	8817
9179	8818
9181	8819
9182	8820
9183	8821
9184	8822
9185	8823
9186	8824
9187	8825
9188	8826
9189	8827
9190	8828
9191	8829
9192	8830
9193	8831
9194	8832
9195	8833
9196	8834
9197	8835
9198	8836
9199	8837
9200	8838
9201	8839
9202	8840
9203	8841
9204	8842
9205	8843
9206	8844
9207	8845
9208	8846
9209	8847
9210	8848
9211	8849
9212	8850
9213	8851
9214	8852
9215	8853
9216	8854
9218	8855
9219	8856
9220	8857
9221	8858
9222	8859
9223	8860
9224	8861
9225	8862
9226	8863
9227	8864
9228	8865
9229	8866
9230	8867
9231	8868
9232	8869
9233	8870
9234	8871
9235	8872
9236	8873
9237	8874
9238	8875
9239	8876
9240	8877
9241	8878
9243	8879
9244	8880
9245	8881
9246	8882
9247	8883
9248	8884
9249	8885
9250	8886
9251	8887
9252	8888
9253	8889
9254	8890
9255	8891
9256	8892
9257	8893
9258	8894
9259	8895
9261	8896
9262	8897
9263	8898
9264	8899
9265	8900
9266	8901
9267	8902
9268	8903
9269	8904
9270	8905
9271	8906
9272	8907
9273	8908
9274	8909
9275	8910
9276	8911
9277	8912
9278	8913
9279	8914
9280	8915
9281	8916
9282	8917
9283	8918
9285	8919
9286	8920
9287	8921
9288	8922
9289	8923
9290	8924
9291	8925
9292	8926
9293	8927
9294	8928
9296	8929
9298	8930
9299	8931
9300	8932
9301	8933
9302	8934
9303	8935
9304	8936
9305	8937
9306	8938
9307	8939
9308	8940
9310	8941
9311	8942
9312	8943
9313	8944
9314	8945
9315	8946
9316	8947
9317	8948
9318	8949
9319	8950
9320	8951
9321	8952
9322	8953
9323	8954
9324	8955
9325	8956
9326	8957
9327	8958
9328	8959
9329	8960
9330	8961
9331	8962
9332	8963
9333	8964
9334	8965
9335	8966
9336	8967
9337	8968
9338	8969
9339	8970
9340	8971
9341	8972
9342	8973
9343	8974
9344	8975
9345	8976
9346	8977
9347	8978
9348	8979
9349	8980
9350	8981
9351	8982
9352	8983
9353	8984
9354	8985
9355	8986
9356	8987
9357	8988
9358	8989
9359	8990
9360	8991
9361	8992
9362	8993
9363	8994
9364	8995
9365	8996
9366	8997
9367	8998
9368	8999
9369	9000
9370	9001
9371	9002
9372	9003
9374	9004
9377	9005
9379	9006
9380	9007
9381	9008
9382	9009
9383	9010
9384	9011
9385	9012
9386	9013
9387	9014
9388	9015
9389	9016
9390	9017
9391	9018
9392	9019
9393	9020
9394	9021
9395	9022
9396	9023
9397	9024
9398	9025
9399	9026
9400	9027
9401	9028
9402	9029
9403	9030
9404	9031
9405	9032
9406	9033
9407	9034
9408	9035
9409	9036
9410	9037
9411	9038
9412	9039
9413	9040
9414	9041
9416	9042
9417	9043
9418	9044
9419	9045
9420	9046
9421	9047
9422	9048
9423	9049
