user_id	userID
0	0
634	1
1522	2
2550	3
3114	4
3968	5
995	6
1180	7
2452	8
2608	9
4288	10
4148	11
1	12
3204	13
4446	14
4719	15
496	16
595	17
740	18
1016	19
1226	20
1237	21
1668	22
2285	23
3205	24
3620	25
4007	26
4419	27
4542	28
4619	29
104	30
202	31
238	32
395	33
531	34
584	35
650	36
714	37
735	38
765	39
842	40
861	41
953	42
993	43
1011	44
1148	45
1177	46
1295	47
1406	48
1414	49
1469	50
1480	51
1592	52
1761	53
1808	54
1861	55
1873	56
1934	57
1958	58
2104	59
2130	60
2271	61
2292	62
2300	63
2422	64
2495	65
2636	66
2639	67
2783	68
2800	69
2859	70
3033	71
3131	72
3190	73
3219	74
3368	75
3388	76
3443	77
3555	78
3557	79
3626	80
3636	81
3880	82
3909	83
3995	84
4002	85
4048	86
4073	87
4177	88
4213	89
4225	90
4256	91
4317	92
4346	93
4366	94
4531	95
4896	96
4903	97
4928	98
55	99
311	100
402	101
555	102
599	103
919	104
1243	105
1366	106
1915	107
1955	108
2020	109
2374	110
2757	111
2886	112
2890	113
2934	114
2979	115
3110	116
3177	117
3326	118
3336	119
3343	120
3784	121
3853	122
4008	123
4224	124
4343	125
4560	126
4593	127
4724	128
4751	129
4882	130
583	131
673	132
856	133
915	134
1113	135
1368	136
1997	137
2520	138
3320	139
3780	140
3929	141
4657	142
593	143
4039	144
4966	145
2250	146
2489	147
1951	148
2162	149
2983	150
3395	151
3731	152
558	153
4069	154
4494	155
4608	156
1220	157
713	158
2	159
337	160
1399	161
3657	162
4094	163
419	164
1299	165
1495	166
1764	167
1834	168
3256	169
3729	170
4028	171
4102	172
4202	173
4935	174
4522	175
7	176
469	177
870	178
3014	179
3996	180
4379	181
4480	182
4574	183
994	184
1062	185
2220	186
2305	187
2324	188
97	189
4031	190
141	191
2468	192
3175	193
1680	194
3803	195
1432	196
1505	197
2545	198
2606	199
2951	200
3894	201
4154	202
4805	203
640	204
1371	205
1960	206
3824	207
1211	208
1745	209
2018	210
2378	211
2483	212
2771	213
2818	214
3934	215
471	216
487	217
799	218
2081	219
2260	220
3273	221
4914	222
144	223
636	224
1537	225
1624	226
1886	227
1910	228
2498	229
2590	230
2610	231
3170	232
4165	233
124	234
2897	235
3582	236
4237	237
4602	238
1536	239
2478	240
2546	241
4049	242
139	243
357	244
399	245
624	246
725	247
905	248
1050	249
1104	250
1926	251
2811	252
2848	253
3571	254
3614	255
4012	256
4980	257
3	258
158	259
207	260
244	261
349	262
378	263
475	264
797	265
840	266
1403	267
1588	268
1694	269
1844	270
2015	271
2142	272
2256	273
2288	274
2575	275
3117	276
3458	277
3517	278
3709	279
3810	280
4017	281
4057	282
4205	283
4223	284
4322	285
4836	286
233	287
409	288
431	289
537	290
598	291
704	292
951	293
1088	294
1146	295
1369	296
1377	297
1665	298
1725	299
1924	300
2159	301
2284	302
2303	303
2348	304
2379	305
2392	306
2487	307
2653	308
2954	309
2973	310
3006	311
3746	312
3766	313
4022	314
4529	315
4678	316
4864	317
412	318
641	319
1521	320
2102	321
2330	322
3910	323
260	324
2716	325
3836	326
4596	327
4963	328
1054	329
1474	330
2339	331
1006	332
1345	333
1398	334
1891	335
4423	336
4464	337
4795	338
4843	339
4871	340
4890	341
29	342
74	343
130	344
213	345
217	346
288	347
310	348
418	349
425	350
438	351
604	352
659	353
662	354
667	355
763	356
764	357
1007	358
1061	359
1135	360
1191	361
1199	362
1335	363
1426	364
1565	365
1579	366
1623	367
1630	368
1662	369
1712	370
1814	371
1816	372
1850	373
1931	374
1969	375
1987	376
2051	377
2090	378
2096	379
2145	380
2205	381
2242	382
2287	383
2344	384
2350	385
2354	386
2445	387
2519	388
2554	389
2560	390
2581	391
2642	392
2703	393
2752	394
2776	395
2785	396
2852	397
2920	398
2924	399
2941	400
2956	401
2974	402
3001	403
3077	404
3133	405
3178	406
3249	407
3251	408
3297	409
3367	410
3431	411
3514	412
3561	413
3565	414
3605	415
3668	416
3690	417
3908	418
3941	419
3956	420
3959	421
4011	422
4035	423
4083	424
4418	425
4429	426
4465	427
4517	428
4548	429
4599	430
4734	431
4793	432
4815	433
4930	434
4967	435
3261	436
3408	437
4546	438
511	439
1019	440
4135	441
4637	442
4	443
2063	444
2308	445
918	446
2228	447
2778	448
3250	449
563	450
4146	451
123	452
243	453
415	454
1660	455
1892	456
2199	457
2734	458
2810	459
3089	460
3621	461
4152	462
4549	463
4917	464
1510	465
2352	466
3017	467
4775	468
384	469
4563	470
2406	471
2733	472
2883	473
1514	474
2164	475
4126	476
2125	477
2135	478
2464	479
2799	480
5	481
140	482
149	483
157	484
167	485
197	486
203	487
343	488
387	489
397	490
435	491
449	492
515	493
551	494
576	495
688	496
727	497
791	498
798	499
938	500
991	501
1069	502
1075	503
1119	504
1173	505
1176	506
1206	507
1266	508
1372	509
1433	510
1468	511
1524	512
1659	513
1675	514
1711	515
1721	516
1835	517
1864	518
1880	519
1982	520
2023	521
2105	522
2126	523
2178	524
2192	525
2203	526
2209	527
2243	528
2307	529
2322	530
2355	531
2357	532
2414	533
2536	534
2544	535
2576	536
2617	537
2652	538
2654	539
2671	540
2712	541
2767	542
2775	543
2786	544
2805	545
2871	546
2891	547
2971	548
3051	549
3103	550
3136	551
3180	552
3184	553
3199	554
3247	555
3269	556
3308	557
3377	558
3385	559
3427	560
3439	561
3440	562
3441	563
3454	564
3526	565
3537	566
3562	567
3587	568
3612	569
3617	570
3649	571
3678	572
3693	573
3715	574
3725	575
3755	576
3808	577
3814	578
3819	579
3835	580
4053	581
4054	582
4098	583
4112	584
4132	585
4162	586
4227	587
4249	588
4309	589
4333	590
4351	591
4437	592
4457	593
4498	594
4630	595
4721	596
4744	597
4759	598
4773	599
4848	600
4868	601
4877	602
4899	603
4906	604
105	605
274	606
462	607
534	608
690	609
783	610
787	611
788	612
962	613
1133	614
1287	615
1354	616
1556	617
1618	618
1845	619
1863	620
1923	621
2057	622
2184	623
2238	624
2246	625
2421	626
2509	627
2612	628
2694	629
2707	630
2735	631
2780	632
3066	633
3268	634
3354	635
3604	636
3661	637
3757	638
3893	639
4040	640
4323	641
4413	642
4470	643
4613	644
4762	645
33	646
60	647
91	648
92	649
145	650
330	651
434	652
437	653
458	654
879	655
1219	656
1357	657
1676	658
2093	659
2097	660
2213	661
2594	662
2755	663
3123	664
3129	665
3228	666
3466	667
3596	668
3667	669
3804	670
3935	671
3966	672
4025	673
4387	674
4486	675
4532	676
4648	677
4693	678
4740	679
3369	680
4282	681
89	682
153	683
234	684
300	685
365	686
546	687
973	688
1257	689
1265	690
1435	691
1535	692
1613	693
1782	694
1818	695
1884	696
1929	697
2077	698
2195	699
2270	700
2319	701
2359	702
2881	703
2927	704
3171	705
3200	706
3270	707
3740	708
3940	709
4005	710
4293	711
4374	712
4388	713
4770	714
4833	715
1078	716
3039	717
404	718
2972	719
3106	720
6	721
10	722
190	723
295	724
893	725
932	726
1290	727
1441	728
1597	729
1643	730
1913	731
2019	732
2163	733
2784	734
2875	735
3095	736
3122	737
3139	738
3242	739
3316	740
3492	741
3640	742
3771	743
3844	744
4111	745
4207	746
4398	747
4694	748
4736	749
4855	750
4875	751
303	752
525	753
3393	754
4189	755
4473	756
19	757
129	758
154	759
302	760
519	761
736	762
760	763
841	764
1004	765
1023	766
1145	767
1240	768
1475	769
1589	770
1713	771
1837	772
1885	773
1900	774
2062	775
2310	776
2420	777
2477	778
2647	779
2696	780
2895	781
2913	782
3037	783
3185	784
3234	785
3319	786
3389	787
3631	788
3744	789
4371	790
4389	791
4433	792
4660	793
4799	794
4891	795
25	796
689	797
3032	798
3788	799
4784	800
50	801
263	802
367	803
792	804
1000	805
1013	806
1068	807
1156	808
1162	809
1242	810
1412	811
1434	812
1444	813
1622	814
1631	815
1688	816
1695	817
1723	818
1742	819
1743	820
1751	821
1780	822
1815	823
1888	824
2141	825
2150	826
2189	827
2224	828
2239	829
2266	830
2268	831
2332	832
2650	833
2678	834
2680	835
2851	836
3055	837
3093	838
3296	839
3475	840
3478	841
3683	842
3790	843
3832	844
3905	845
4075	846
4166	847
4168	848
4449	849
4647	850
4687	851
152	852
242	853
429	854
433	855
663	856
744	857
845	858
1155	859
1164	860
1168	861
1416	862
1493	863
1516	864
1776	865
1855	866
2316	867
3151	868
3549	869
3770	870
3888	871
4175	872
4679	873
692	874
1627	875
2845	876
4290	877
683	878
1407	879
2070	880
2517	881
2661	882
3262	883
3749	884
4391	885
1824	886
2262	887
2549	888
3198	889
3817	890
4858	891
432	892
1233	893
1318	894
2214	895
2466	896
2502	897
2721	898
3080	899
3342	900
3348	901
3773	902
4018	903
4512	904
4536	905
52	906
386	907
501	908
897	909
977	910
1018	911
1256	912
1365	913
1445	914
1560	915
1819	916
1870	917
2098	918
2816	919
2866	920
3104	921
3277	922
3304	923
3345	924
3383	925
3541	926
3659	927
4671	928
4841	929
118	930
235	931
627	932
638	933
1561	934
2669	935
3470	936
3821	937
3906	938
4628	939
4925	940
4936	941
40	942
43	943
49	944
64	945
84	946
95	947
142	948
171	949
342	950
369	951
379	952
502	953
566	954
633	955
644	956
722	957
723	958
863	959
886	960
892	961
943	962
946	963
975	964
1002	965
1017	966
1026	967
1076	968
1092	969
1114	970
1216	971
1222	972
1234	973
1269	974
1306	975
1320	976
1333	977
1353	978
1388	979
1390	980
1405	981
1461	982
1462	983
1463	984
1486	985
1541	986
1551	987
1582	988
1600	989
1656	990
1674	991
1685	992
1706	993
1718	994
1736	995
1772	996
1789	997
1805	998
1823	999
1928	1000
2068	1001
2089	1002
2185	1003
2215	1004
2254	1005
2301	1006
2387	1007
2393	1008
2439	1009
2453	1010
2470	1011
2481	1012
2683	1013
2708	1014
2764	1015
2796	1016
2827	1017
2836	1018
2855	1019
2916	1020
2925	1021
2945	1022
2960	1023
2961	1024
3052	1025
3054	1026
3078	1027
3079	1028
3096	1029
3140	1030
3209	1031
3245	1032
3252	1033
3311	1034
3500	1035
3501	1036
3522	1037
3581	1038
3627	1039
3637	1040
3671	1041
3674	1042
3675	1043
3696	1044
3719	1045
3767	1046
3801	1047
3843	1048
3859	1049
3860	1050
3878	1051
3889	1052
3901	1053
3993	1054
4058	1055
4090	1056
4093	1057
4107	1058
4147	1059
4199	1060
4200	1061
4219	1062
4243	1063
4295	1064
4332	1065
4356	1066
4360	1067
4380	1068
4396	1069
4397	1070
4451	1071
4462	1072
4482	1073
4485	1074
4534	1075
4540	1076
4583	1077
4610	1078
4641	1079
4743	1080
4835	1081
4852	1082
4866	1083
4900	1084
4902	1085
4904	1086
4969	1087
1072	1088
1351	1089
1437	1090
2842	1091
3329	1092
3359	1093
486	1094
2911	1095
143	1096
282	1097
316	1098
582	1099
586	1100
631	1101
719	1102
745	1103
757	1104
761	1105
980	1106
1005	1107
1096	1108
1130	1109
1182	1110
1356	1111
1383	1112
1479	1113
1576	1114
1591	1115
1730	1116
1746	1117
1843	1118
1908	1119
2000	1120
2031	1121
2119	1122
2372	1123
2424	1124
2580	1125
2698	1126
2714	1127
2730	1128
2753	1129
2849	1130
2887	1131
3194	1132
3224	1133
3378	1134
3461	1135
3573	1136
3610	1137
3701	1138
3898	1139
3926	1140
4195	1141
4376	1142
4666	1143
4684	1144
4689	1145
1605	1146
1785	1147
2200	1148
2419	1149
2944	1150
11	1151
784	1152
1272	1153
1361	1154
1854	1155
2038	1156
3162	1157
3302	1158
3712	1159
3896	1160
4688	1161
1230	1162
1381	1163
1498	1164
2611	1165
2692	1166
3727	1167
4509	1168
3260	1169
4236	1170
4675	1171
1053	1172
1525	1173
2823	1174
3073	1175
188	1176
264	1177
533	1178
721	1179
924	1180
930	1181
940	1182
971	1183
1073	1184
1569	1185
1590	1186
1641	1187
2131	1188
2193	1189
2326	1190
2552	1191
2583	1192
2638	1193
2660	1194
3155	1195
3213	1196
3291	1197
3428	1198
3779	1199
3891	1200
3975	1201
4176	1202
4276	1203
4415	1204
4652	1205
4658	1206
4674	1207
4726	1208
4810	1209
939	1210
1085	1211
3042	1212
4131	1213
571	1214
1042	1215
1261	1216
1787	1217
1862	1218
2432	1219
3290	1220
3794	1221
3845	1222
4615	1223
1648	1224
1766	1225
1965	1226
632	1227
922	1228
568	1229
984	1230
1868	1231
2168	1232
2592	1233
2939	1234
3189	1235
128	1236
1070	1237
847	1238
855	1239
3583	1240
4339	1241
4695	1242
756	1243
851	1244
860	1245
1083	1246
1499	1247
1607	1248
1948	1249
2072	1250
3544	1251
3599	1252
4140	1253
4600	1254
69	1255
113	1256
829	1257
1098	1258
2381	1259
3768	1260
4607	1261
4862	1262
172	1263
1575	1264
3586	1265
4262	1266
198	1267
516	1268
606	1269
629	1270
1732	1271
1980	1272
2989	1273
3022	1274
3405	1275
4330	1276
4558	1277
34	1278
180	1279
467	1280
611	1281
999	1282
1041	1283
1308	1284
1384	1285
1594	1286
2086	1287
2110	1288
2458	1289
2717	1290
3056	1291
3687	1292
3699	1293
4275	1294
4296	1295
4420	1296
4672	1297
4758	1298
2059	1299
3097	1300
3748	1301
482	1302
1937	1303
2819	1304
2953	1305
3932	1306
4060	1307
4068	1308
4934	1309
229	1310
2046	1311
2235	1312
2465	1313
4217	1314
2529	1315
3419	1316
3964	1317
1025	1318
3764	1319
1477	1320
3203	1321
3520	1322
4407	1323
712	1324
3181	1325
3539	1326
4206	1327
4889	1328
182	1329
1507	1330
1701	1331
2241	1332
3436	1333
3534	1334
4239	1335
4933	1336
325	1337
336	1338
356	1339
1314	1340
2435	1341
2613	1342
3525	1343
4358	1344
4575	1345
73	1346
270	1347
215	1348
800	1349
934	1350
1315	1351
4432	1352
4576	1353
360	1354
614	1355
1734	1356
2061	1357
3074	1358
3193	1359
4138	1360
854	1361
1158	1362
1485	1363
2893	1364
3076	1365
3802	1366
4572	1367
4659	1368
4716	1369
4790	1370
4937	1371
2769	1372
3202	1373
4752	1374
4978	1375
908	1376
1001	1377
4259	1378
4336	1379
4580	1380
4788	1381
1051	1382
1374	1383
2123	1384
2806	1385
2985	1386
3188	1387
3698	1388
4197	1389
4274	1390
2727	1391
3811	1392
4232	1393
4741	1394
4887	1395
248	1396
1249	1397
1966	1398
2177	1399
3349	1400
3647	1401
3778	1402
4304	1403
4313	1404
4533	1405
4645	1406
2936	1407
1423	1408
1765	1409
344	1410
2202	1411
2343	1412
3532	1413
3545	1414
3554	1415
3630	1416
968	1417
3248	1418
3375	1419
3380	1420
3381	1421
3529	1422
4463	1423
4839	1424
647	1425
680	1426
936	1427
1994	1428
96	1429
1149	1430
2388	1431
3284	1432
3415	1433
3745	1434
4402	1435
1131	1436
1049	1437
1700	1438
4893	1439
390	1440
4587	1441
1298	1442
2846	1443
3157	1444
2054	1445
2474	1446
3065	1447
189	1448
2906	1449
3714	1450
36	1451
80	1452
103	1453
169	1454
192	1455
239	1456
253	1457
286	1458
355	1459
424	1460
466	1461
494	1462
514	1463
539	1464
591	1465
603	1466
613	1467
651	1468
657	1469
682	1470
685	1471
700	1472
707	1473
782	1474
835	1475
853	1476
857	1477
862	1478
881	1479
947	1480
981	1481
982	1482
1028	1483
1040	1484
1048	1485
1086	1486
1121	1487
1238	1488
1327	1489
1328	1490
1344	1491
1387	1492
1411	1493
1449	1494
1457	1495
1464	1496
1482	1497
1491	1498
1639	1499
1726	1500
1755	1501
1803	1502
1905	1503
1922	1504
1968	1505
2032	1506
2033	1507
2034	1508
2055	1509
2085	1510
2128	1511
2152	1512
2237	1513
2255	1514
2279	1515
2358	1516
2391	1517
2450	1518
2535	1519
2565	1520
2577	1521
2584	1522
2595	1523
2602	1524
2659	1525
2672	1526
2677	1527
2693	1528
2701	1529
2726	1530
2748	1531
2840	1532
2863	1533
2878	1534
2915	1535
2919	1536
2998	1537
3005	1538
3008	1539
3018	1540
3063	1541
3094	1542
3099	1543
3113	1544
3182	1545
3309	1546
3362	1547
3433	1548
3450	1549
3455	1550
3494	1551
3641	1552
3642	1553
3676	1554
3722	1555
3747	1556
3754	1557
3760	1558
3797	1559
3842	1560
3857	1561
3870	1562
3961	1563
4026	1564
4032	1565
4061	1566
4066	1567
4070	1568
4071	1569
4077	1570
4089	1571
4099	1572
4113	1573
4179	1574
4209	1575
4246	1576
4254	1577
4352	1578
4382	1579
4406	1580
4411	1581
4412	1582
4447	1583
4539	1584
4553	1585
4562	1586
4586	1587
4588	1588
4595	1589
4685	1590
4692	1591
4696	1592
4711	1593
4713	1594
4745	1595
4749	1596
4754	1597
4763	1598
4802	1599
4826	1600
4830	1601
4905	1602
4922	1603
4979	1604
78	1605
110	1606
1897	1607
2004	1608
2809	1609
3264	1610
24	1611
28	1612
79	1613
83	1614
94	1615
191	1616
421	1617
559	1618
574	1619
580	1620
646	1621
653	1622
808	1623
1105	1624
1124	1625
1154	1626
1395	1627
1440	1628
1470	1629
1496	1630
1530	1631
1553	1632
1882	1633
2107	1634
2120	1635
2226	1636
2438	1637
2588	1638
2792	1639
2834	1640
3026	1641
3312	1642
3350	1643
3373	1644
3435	1645
3456	1646
3481	1647
3569	1648
3593	1649
3830	1650
3919	1651
3952	1652
3981	1653
4006	1654
4050	1655
4173	1656
4242	1657
4247	1658
4281	1659
4408	1660
4422	1661
4867	1662
4953	1663
4973	1664
8	1665
2876	1666
4468	1667
3057	1668
4863	1669
806	1670
2918	1671
3723	1672
3732	1673
452	1674
1193	1675
1258	1676
3535	1677
4803	1678
776	1679
1174	1680
1370	1681
1373	1682
2021	1683
2403	1684
2625	1685
3518	1686
3658	1687
3822	1688
3915	1689
4100	1690
4682	1691
9	1692
1087	1693
1324	1694
2194	1695
3510	1696
3733	1697
358	1698
556	1699
1197	1700
1703	1701
2106	1702
2950	1703
3806	1704
3879	1705
4748	1706
4821	1707
4832	1708
468	1709
1184	1710
2340	1711
2363	1712
2706	1713
3215	1714
3337	1715
3365	1716
3462	1717
3613	1718
4337	1719
3864	1720
3024	1721
3871	1722
4072	1723
90	1724
569	1725
871	1726
985	1727
1391	1728
1612	1729
1672	1730
2011	1731
2761	1732
2958	1733
2986	1734
3276	1735
3438	1736
3505	1737
3568	1738
3750	1739
4193	1740
4677	1741
600	1742
2042	1743
2862	1744
3158	1745
3161	1746
3963	1747
4638	1748
2657	1749
955	1750
1192	1751
1418	1752
1620	1753
1972	1754
1979	1755
2009	1756
2368	1757
2609	1758
2821	1759
3034	1760
3421	1761
3679	1762
3848	1763
4001	1764
4033	1765
4051	1766
4234	1767
4492	1768
4520	1769
4557	1770
4618	1771
411	1772
737	1773
4383	1774
13	1775
615	1776
1229	1777
1907	1778
2643	1779
1122	1780
1367	1781
3495	1782
4240	1783
2174	1784
179	1785
261	1786
522	1787
1567	1788
1704	1789
1811	1790
4091	1791
849	1792
1964	1793
2396	1794
3567	1795
4255	1796
887	1797
1185	1798
2280	1799
20	1800
340	1801
509	1802
639	1803
867	1804
986	1805
2217	1806
2264	1807
2523	1808
3460	1809
3798	1810
3856	1811
4499	1812
4771	1813
492	1814
1483	1815
1896	1816
2459	1817
2534	1818
3426	1819
4842	1820
484	1821
1520	1822
2182	1823
472	1824
909	1825
1421	1826
4368	1827
4811	1828
1494	1829
1724	1830
3060	1831
3289	1832
3608	1833
4127	1834
4814	1835
329	1836
334	1837
366	1838
585	1839
678	1840
937	1841
1038	1842
1187	1843
1349	1844
1586	1845
1828	1846
1999	1847
2095	1848
2211	1849
2329	1850
2598	1851
3023	1852
4362	1853
4597	1854
4747	1855
88	1856
291	1857
474	1858
866	1859
1241	1860
1546	1861
1664	1862
1933	1863
2103	1864
2917	1865
2991	1866
3068	1867
3208	1868
3305	1869
4235	1870
4403	1871
4753	1872
4797	1873
470	1874
3325	1875
3987	1876
4787	1877
164	1878
219	1879
508	1880
648	1881
869	1882
998	1883
1136	1884
1142	1885
1628	1886
1792	1887
1802	1888
2074	1889
2173	1890
2289	1891
2433	1892
3012	1893
3124	1894
3417	1895
3543	1896
3570	1897
4180	1898
4436	1899
4781	1900
4819	1901
669	1902
949	1903
1887	1904
3639	1905
3753	1906
3791	1907
3977	1908
4157	1909
4947	1910
1829	1911
3704	1912
4880	1913
1186	1914
2773	1915
12	1916
290	1917
2447	1918
3638	1919
3982	1920
216	1921
222	1922
612	1923
811	1924
883	1925
910	1926
911	1927
1207	1928
2121	1929
2281	1930
2315	1931
2362	1932
3086	1933
3513	1934
3615	1935
4014	1936
4104	1937
4306	1938
4401	1939
4417	1940
35	1941
1198	1942
1860	1943
1942	1944
2345	1945
2383	1946
2820	1947
3030	1948
3820	1949
3990	1950
324	1951
420	1952
1422	1953
1634	1954
2039	1955
2555	1956
3370	1957
3391	1958
4897	1959
352	1960
1275	1961
1476	1962
1831	1963
2069	1964
2092	1965
2440	1966
2684	1967
2872	1968
2909	1969
3374	1970
3451	1971
4654	1972
120	1973
224	1974
236	1975
237	1976
626	1977
780	1978
898	1979
1009	1980
1010	1981
1056	1982
1091	1983
1120	1984
1465	1985
1472	1986
1610	1987
1771	1988
1894	1989
2035	1990
2216	1991
2331	1992
2970	1993
3046	1994
3288	1995
3792	1996
4036	1997
4164	1998
4211	1999
4375	2000
4561	2001
4579	2002
4957	2003
4964	2004
4968	2005
211	2006
292	2007
309	2008
368	2009
428	2010
605	2011
705	2012
1189	2013
1602	2014
1728	2015
1935	2016
1975	2017
2001	2018
2448	2019
2952	2020
3487	2021
3489	2022
3710	2023
3720	2024
3902	2025
3970	2026
4191	2027
4454	2028
4699	2029
3153	2030
3412	2031
4143	2032
65	2033
3578	2034
4052	2035
4705	2036
1393	2037
2248	2038
3685	2039
351	2040
2027	2041
4024	2042
1285	2043
1311	2044
2635	2045
2904	2046
3457	2047
3783	2048
4649	2049
4901	2050
786	2051
1035	2052
1212	2053
1563	2054
2342	2055
2711	2056
3645	2057
3937	2058
4807	2059
160	2060
252	2061
684	2062
1094	2063
1539	2064
1826	2065
1998	2066
2116	2067
2879	2068
4590	2069
4605	2070
4908	2071
4911	2072
850	2073
1548	2074
1564	2075
2461	2076
443	2077
888	2078
1777	2079
1932	2080
2247	2081
2856	2082
3075	2083
3207	2084
3315	2085
3346	2086
4777	2087
4827	2088
53	2089
111	2090
695	2091
1757	2092
1856	2093
2084	2094
4629	2095
67	2096
184	2097
1015	2098
1749	2099
2335	2100
2417	2101
2430	2102
3300	2103
4585	2104
4715	2105
4831	2106
14	2107
312	2108
1100	2109
3476	2110
21	2111
762	2112
1752	2113
2076	2114
2161	2115
2651	2116
2682	2117
2932	2118
4445	2119
4479	2120
326	2121
1020	2122
1646	2123
1215	2124
1651	2125
2337	2126
3826	2127
3994	2128
15	2129
2444	2130
891	2131
3800	2132
1283	2133
4151	2134
370	2135
521	2136
1052	2137
1544	2138
2044	2139
2296	2140
2471	2141
2472	2142
2548	2143
2772	2144
3130	2145
3307	2146
3437	2147
3625	2148
4818	2149
16	2150
46	2151
305	2152
1513	2153
1689	2154
1820	2155
1849	2156
1893	2157
2048	2158
2210	2159
2398	2160
2455	2161
2743	2162
2754	2163
2857	2164
3160	2165
3403	2166
3965	2167
4541	2168
4584	2169
4767	2170
4926	2171
4974	2172
1693	2173
2010	2174
2994	2175
3186	2176
4137	2177
4377	2178
2079	2179
2187	2180
654	2181
768	2182
3028	2183
3793	2184
193	2185
481	2186
528	2187
814	2188
2026	2189
2171	2190
2637	2191
3927	2192
3947	2193
3960	2194
3644	2195
3900	2196
2272	2197
3272	2198
956	2199
988	2200
2230	2201
3125	2202
3192	2203
3323	2204
4265	2205
132	2206
227	2207
338	2208
375	2209
1102	2210
1330	2211
1519	2212
1678	2213
1796	2214
2056	2215
2153	2216
2503	2217
2558	2218
2742	2219
4502	2220
17	2221
38	2222
58	2223
159	2224
480	2225
693	2226
942	2227
1066	2228
1286	2229
1338	2230
1570	2231
1609	2232
1621	2233
1899	2234
2099	2235
2390	2236
2410	2237
2436	2238
2648	2239
2674	2240
2760	2241
3387	2242
3416	2243
3646	2244
3721	2245
3795	2246
3799	2247
4042	2248
4092	2249
4311	2250
4399	2251
4459	2252
4521	2253
4564	2254
4624	2255
4626	2256
4635	2257
4686	2258
4778	2259
4786	2260
4876	2261
4920	2262
3691	2263
339	2264
488	2265
513	2266
588	2267
668	2268
875	2269
1103	2270
2133	2271
2223	2272
2957	2273
3550	2274
3980	2275
4948	2276
4951	2277
18	2278
156	2279
448	2280
500	2281
548	2282
724	2283
812	2284
931	2285
974	2286
1126	2287
1205	2288
1413	2289
1459	2290
1611	2291
1918	2292
2321	2293
2347	2294
2382	2295
2955	2296
2967	2297
3009	2298
3064	2299
3231	2300
3482	2301
3633	2302
3809	2303
3861	2304
3883	2305
3921	2306
4004	2307
4289	2308
4305	2309
4404	2310
4458	2311
4644	2312
4697	2313
4712	2314
401	2315
478	2316
1876	2317
2553	2318
2593	2319
3092	2320
4385	2321
676	2322
1022	2323
1697	2324
3969	2325
4283	2326
4975	2327
278	2328
453	2329
473	2330
520	2331
832	2332
1065	2333
1137	2334
1753	2335
1821	2336
2008	2337
2570	2338
2582	2339
2585	2340
2620	2341
3516	2342
3552	2343
3775	2344
4045	2345
4228	2346
4874	2347
4294	2348
1986	2349
2988	2350
3673	2351
116	2352
4271	2353
4943	2354
1673	2355
3584	2356
4816	2357
1319	2358
2040	2359
2395	2360
4041	2361
773	2362
3781	2363
1778	2364
2181	2365
1239	2366
483	2367
518	2368
698	2369
950	2370
2115	2371
2351	2372
3472	2373
748	2374
925	2375
1317	2376
1950	2377
2273	2378
4172	2379
4257	2380
1633	2381
1954	2382
3053	2383
3449	2384
3763	2385
1523	2386
3070	2387
777	2388
983	2389
1545	2390
1859	2391
2496	2392
2563	2393
63	2394
148	2395
322	2396
446	2397
708	2398
742	2399
1529	2400
1740	2401
1991	2402
2567	2403
3067	2404
3399	2405
1248	2406
294	2407
608	2408
778	2409
1082	2410
4192	2411
109	2412
396	2413
1055	2414
1109	2415
1696	2416
2681	2417
2744	2418
2902	2419
3100	2420
3392	2421
4706	2422
4892	2423
313	2424
730	2425
1178	2426
3165	2427
3446	2428
1852	2429
2685	2430
4063	2431
1218	2432
1690	2433
532	2434
681	2435
1323	2436
2222	2437
2750	2438
3942	2439
62	2440
71	2441
76	2442
280	2443
389	2444
609	2445
750	2446
989	2447
1128	2448
1259	2449
1267	2450
1291	2451
1321	2452
1404	2453
1442	2454
1583	2455
1647	2456
1763	2457
1781	2458
1839	2459
1841	2460
1874	2461
2137	2462
2204	2463
2295	2464
2356	2465
2457	2466
2482	2467
2497	2468
2543	2469
2646	2470
2804	2471
2867	2472
2942	2473
2976	2474
3010	2475
3101	2476
3173	2477
3279	2478
3332	2479
3410	2480
3597	2481
3619	2482
3694	2483
3700	2484
3730	2485
3807	2486
3812	2487
3840	2488
3953	2489
3967	2490
3983	2491
3988	2492
4056	2493
4714	2494
4723	2495
4728	2496
4800	2497
4894	2498
447	2499
4109	2500
4409	2501
457	2502
4079	2503
266	2504
361	2505
738	2506
882	2507
1112	2508
3542	2509
4769	2510
183	2511
185	2512
277	2513
873	2514
952	2515
1179	2516
1281	2517
1562	2518
2082	2519
2157	2520
2428	2521
3294	2522
3445	2523
4030	2524
4555	2525
4783	2526
2025	2527
2167	2528
767	2529
1577	2530
2155	2531
2914	2532
2275	2533
877	2534
1089	2535
3602	2536
4881	2537
22	2538
206	2539
218	2540
318	2541
540	2542
926	2543
1296	2544
1488	2545
1490	2546
1767	2547
2052	2548
2510	2549
2559	2550
2605	2551
2615	2552
2628	2553
2801	2554
3275	2555
3402	2556
3548	2557
3574	2558
3576	2559
3904	2560
4067	2561
4181	2562
4253	2563
4434	2564
2699	2565
3607	2566
4184	2567
1364	2568
3718	2569
51	2570
162	2571
1846	2572
2306	2573
2346	2574
2723	2575
3191	2576
3854	2577
4703	2578
2064	2579
3839	2580
3938	2581
4568	2582
393	2583
82	2584
331	2585
2675	2586
3846	2587
3903	2588
549	2589
2369	2590
1578	2591
1798	2592
2108	2593
2328	2594
2451	2595
2508	2596
3292	2597
3777	2598
1691	2599
4551	2600
4163	2601
4250	2602
619	2603
561	2604
3025	2605
2788	2606
196	2607
2532	2608
2882	2609
2233	2610
2618	2611
3918	2612
4416	2613
2160	2614
1587	2615
3677	2616
1132	2617
1515	2618
2286	2619
4319	2620
890	2621
1326	2622
1822	2623
1912	2624
2151	2625
2389	2626
2469	2627
2658	2628
3396	2629
4756	2630
4846	2631
1581	2632
2870	2633
4174	2634
4604	2635
23	2636
4428	2637
4915	2638
536	2639
1074	2640
2460	2641
2861	2642
4308	2643
4511	2644
306	2645
476	2646
491	2647
785	2648
917	2649
1024	2650
1196	2651
1484	2652
1584	2653
1804	2654
1878	2655
1940	2656
2003	2657
2091	2658
2290	2659
2731	2660
2747	2661
3049	2662
3083	2663
3282	2664
3298	2665
3473	2666
3609	2667
3623	2668
3758	2669
3815	2670
3841	2671
4010	2672
4034	2673
4261	2674
4438	2675
4516	2676
4559	2677
4577	2678
4704	2679
4824	2680
4939	2681
677	2682
979	2683
1653	2684
2169	2685
2864	2686
3255	2687
3479	2688
3850	2689
4023	2690
4503	2691
4622	2692
4879	2693
4940	2694
254	2695
928	2696
1037	2697
1961	2698
2183	2699
2622	2700
3048	2701
3159	2702
3536	2703
4214	2704
4954	2705
127	2706
408	2707
530	2708
573	2709
642	2710
793	2711
1458	2712
1512	2713
1606	2714
1810	2715
1877	2716
1904	2717
1916	2718
1963	2719
2022	2720
2408	2721
2499	2722
2741	2723
3105	2724
3235	2725
3364	2726
3739	2727
3869	2728
4021	2729
4114	2730
4122	2731
4134	2732
4167	2733
4291	2734
4348	2735
4355	2736
4725	2737
4886	2738
4907	2739
1036	2740
2416	2741
645	2742
1044	2743
3452	2744
544	2745
1141	2746
1914	2747
3805	2748
4292	2749
75	2750
328	2751
2094	2752
4178	2753
894	2754
1029	2755
4314	2756
822	2757
3702	2758
4632	2759
30	2760
2907	2761
212	2762
1250	2763
1270	2764
2111	2765
2494	2766
2573	2767
1538	2768
163	2769
807	2770
1307	2771
1949	2772
2978	2773
3553	2774
3655	2775
1341	2776
1671	2777
3651	2778
4507	2779
4859	2780
2229	2781
4344	2782
864	2783
2166	2784
2515	2785
3259	2786
4084	2787
4320	2788
4865	2789
759	2790
1616	2791
2188	2792
4942	2793
323	2794
445	2795
620	2796
2138	2797
2375	2798
3351	2799
4854	2800
1827	2801
3004	2802
26	2803
68	2804
709	2805
1720	2806
1809	2807
2208	2808
2415	2809
2737	2810
2765	2811
3220	2812
1547	2813
3616	2814
4513	2815
461	2816
538	2817
958	2818
1467	2819
1938	2820
2318	2821
2336	2822
2627	2823
3007	2824
3241	2825
3420	2826
3796	2827
3886	2828
315	2829
321	2830
834	2831
1059	2832
1079	2833
1554	2834
1977	2835
2732	2836
2736	2837
2808	2838
3142	2839
4059	2840
4363	2841
524	2842
2149	2843
2542	2844
3563	2845
790	2846
868	2847
944	2848
948	2849
1425	2850
2017	2851
2067	2852
2539	2853
2931	2854
3632	2855
4222	2856
4258	2857
4670	2858
581	2859
1271	2860
1920	2861
2380	2862
2688	2863
2935	2864
2959	2865
3628	2866
4441	2867
57	2868
495	2869
717	2870
1150	2871
1167	2872
1397	2873
1471	2874
1566	2875
1722	2876
1867	2877
2207	2878
2384	2879
2910	2880
2928	2881
2947	2882
2965	2883
3011	2884
3406	2885
3497	2886
3590	2887
3708	2888
3950	2889
4760	2890
4765	2891
4828	2892
4847	2893
133	2894
4020	2895
4086	2896
168	2897
284	2898
333	2899
1060	2900
1111	2901
1710	2902
1973	2903
2165	2904
2373	2905
2521	2906
2556	2907
2923	2908
2996	2909
3512	2910
3877	2911
4120	2912
4523	2913
4623	2914
27	2915
4047	2916
201	2917
4171	2918
205	2919
1183	2920
1204	2921
1429	2922
2427	2923
2463	2924
2962	2925
3059	2926
3464	2927
4390	2928
2325	2929
4621	2930
1190	2931
1202	2932
1919	2933
3040	2934
2713	2935
751	2936
2259	2937
4364	2938
2791	2939
2874	2940
3523	2941
4117	2942
4231	2943
2405	2944
920	2945
1043	2946
1768	2947
1793	2948
1909	2949
2257	2950
3243	2951
3515	2952
3711	2953
4000	2954
2655	2955
298	2956
406	2957
543	2958
701	2959
710	2960
1080	2961
1292	2962
1322	2963
1331	2964
1375	2965
1794	2966
1939	2967
1959	2968
1983	2969
2561	2970
2831	2971
3187	2972
3317	2973
3577	2974
3884	2975
4285	2976
4627	2977
4861	2978
4962	2979
933	2980
3962	2981
874	2982
2276	2983
1313	2984
1268	2985
117	2986
299	2987
354	2988
592	2989
755	2990
1362	2991
1552	2992
1558	2993
1881	2994
2763	2995
3363	2996
3401	2997
3868	2998
4097	2999
4325	3000
4878	3001
392	3002
2441	3003
3118	3004
350	3005
622	3006
666	3007
1614	3008
2479	3009
2568	3010
3038	3011
3299	3012
3430	3013
4700	3014
187	3015
865	3016
921	3017
3321	3018
4431	3019
4912	3020
2877	3021
4526	3022
4650	3023
373	3024
969	3025
1277	3026
1443	3027
1454	3028
2058	3029
2117	3030
3098	3031
3102	3032
4074	3033
4484	3034
4497	3035
810	3036
2888	3037
3629	3038
47	3039
81	3040
493	3041
1532	3042
1825	3043
699	3044
961	3045
2030	3046
2172	3047
2190	3048
2367	3049
2787	3050
2794	3051
3233	3052
3246	3053
3786	3054
4361	3055
4806	3056
1063	3057
2053	3058
2269	3059
2500	3060
2505	3061
2908	3062
3120	3063
3925	3064
4970	3065
772	3066
1543	3067
2397	3068
3090	3069
4312	3070
210	3071
2118	3072
2589	3073
3293	3074
281	3075
1008	3076
1921	3077
2600	3078
4708	3079
296	3080
427	3081
602	3082
935	3083
1232	3084
1453	3085
1642	3086
1817	3087
2100	3088
2122	3089
2425	3090
2528	3091
2540	3092
2718	3093
2793	3094
3091	3095
3217	3096
3306	3097
3313	3098
3728	3099
3946	3100
4263	3101
4266	3102
4277	3103
4303	3104
4347	3105
4456	3106
4550	3107
4702	3108
4829	3109
4938	3110
1446	3111
3271	3112
4481	3113
4081	3114
901	3115
4349	3116
4739	3117
208	3118
394	3119
456	3120
616	3121
1297	3122
1487	3123
1501	3124
1895	3125
2225	3126
2601	3127
2670	3128
3238	3129
3931	3130
4145	3131
4365	3132
4373	3133
4381	3134
4606	3135
4798	3136
4959	3137
102	3138
1650	3139
1661	3140
1702	3141
1967	3142
2898	3143
3229	3144
4252	3145
876	3146
3978	3147
1759	3148
2302	3149
250	3150
523	3151
527	3152
1667	3153
2124	3154
3957	3155
31	3156
4794	3157
4643	3158
664	3159
813	3160
1857	3161
2140	3162
2921	3163
3322	3164
417	3165
3724	3166
42	3167
176	3168
1455	3169
2860	3170
3371	3171
3486	3172
3716	3173
3948	3174
151	3175
587	3176
1343	3177
2147	3178
2749	3179
2802	3180
3000	3181
3029	3182
3384	3183
4792	3184
32	3185
2041	3186
363	3187
771	3188
2933	3189
3240	3190
3483	3191
3769	3192
4130	3193
3765	3194
1450	3195
4003	3196
1172	3197
2312	3198
4634	3199
731	3200
827	3201
1956	3202
4527	3203
828	3204
1438	3205
2366	3206
2557	3207
2665	3208
4808	3209
259	3210
383	3211
671	3212
833	3213
1107	3214
1203	3215
1350	3216
1504	3217
1617	3218
1806	3219
1836	3220
1902	3221
2045	3222
2047	3223
2265	3224
2614	3225
3146	3226
3214	3227
3339	3228
3936	3229
4037	3230
4136	3231
4287	3232
4405	3233
4625	3234
4655	3235
775	3236
1247	3237
1632	3238
2541	3239
2619	3240
3148	3241
3168	3242
4750	3243
4844	3244
4910	3245
904	3246
726	3247
4016	3248
269	3249
1779	3250
2884	3251
4410	3252
100	3253
345	3254
895	3255
972	3256
1223	3257
1376	3258
3328	3259
4101	3260
335	3261
1348	3262
2621	3263
2644	3264
4884	3265
1084	3266
2176	3267
2191	3268
3145	3269
3447	3270
3899	3271
4475	3272
4869	3273
3491	3274
4087	3275
2127	3276
3176	3277
4698	3278
3137	3279
3154	3280
3169	3281
3254	3282
4129	3283
416	3284
2179	3285
223	3286
1427	3287
3592	3288
4367	3289
1339	3290
4444	3291
4495	3292
463	3293
3338	3294
4150	3295
108	3296
2597	3297
3285	3298
498	3299
992	3300
1057	3301
1129	3302
1799	3303
1985	3304
2236	3305
3366	3306
4945	3307
186	3308
2691	3309
39	3310
2409	3311
3413	3312
2037	3313
1134	3314
1681	3315
2562	3316
165	3317
308	3318
3003	3319
3116	3320
3660	3321
3062	3322
3477	3323
1166	3324
107	3325
3394	3326
3511	3327
4581	3328
674	3329
3210	3330
3376	3331
2756	3332
1157	3333
4190	3334
4722	3335
1340	3336
1739	3337
2631	3338
101	3339
621	3340
3407	3341
226	3342
504	3343
3197	3344
3742	3345
3998	3346
697	3347
889	3348
1573	3349
3149	3350
3195	3351
3752	3352
4169	3353
37	3354
426	3355
823	3356
945	3357
2538	3358
3164	3359
1160	3360
1890	3361
2175	3362
3418	3363
4857	3364
2814	3365
1927	3366
1669	3367
1708	3368
1801	3369
380	3370
804	3371
1030	3372
1550	3373
1598	3374
2073	3375
2278	3376
3119	3377
3379	3378
3386	3379
3459	3380
3664	3381
3863	3382
3939	3383
4860	3384
2530	3385
66	3386
119	3387
2892	3388
3244	3389
1402	3390
2024	3391
3372	3392
59	3393
3424	3394
3986	3395
4310	3396
4737	3397
3429	3398
3738	3399
3890	3400
450	3401
1293	3402
1580	3403
2513	3404
147	3405
174	3406
696	3407
706	3408
1064	3409
1143	3410
1698	3411
2587	3412
2640	3413
3692	3414
4301	3415
4307	3416
4785	3417
54	3418
245	3419
2007	3420
2143	3421
2394	3422
2454	3423
2766	3424
2869	3425
3496	3426
3540	3427
3876	3428
4461	3429
4639	3430
4941	3431
545	3432
1797	3433
2833	3434
347	3435
410	3436
770	3437
825	3438
1640	3439
1830	3440
2400	3441
3467	3442
3874	3443
3916	3444
4212	3445
4651	3446
436	3447
1262	3448
1503	3449
1559	3450
2889	3451
4474	3452
4707	3453
4755	3454
442	3455
1568	3456
3480	3457
3881	3458
3885	3459
4804	3460
271	3461
3201	3462
2156	3463
3601	3464
4427	3465
2901	3466
341	3467
2014	3468
114	3469
1045	3470
2832	3471
3222	3472
4566	3473
4567	3474
257	3475
359	3476
754	3477
1165	3478
2113	3479
3951	3480
4238	3481
4837	3482
4976	3483
3559	3484
3751	3485
3825	3486
884	3487
1027	3488
1452	3489
3360	3490
3404	3491
3519	3492
3945	3493
4119	3494
4918	3495
3216	3496
3923	3497
4118	3498
327	3499
2798	3500
2850	3501
3717	3502
4395	3503
4766	3504
4779	3505
572	3506
960	3507
1508	3508
1800	3509
2136	3510
2738	3511
3237	3512
3656	3513
3897	3514
3984	3515
4817	3516
41	3517
195	3518
1355	3519
649	3520
3253	3521
1300	3522
1684	3523
2930	3524
479	3525
1903	3526
4729	3527
4872	3528
256	3529
711	3530
2768	3531
3703	3532
597	3533
1599	3534
2132	3535
2476	3536
4691	3537
552	3538
2227	3539
2586	3540
3985	3541
209	3542
2480	3543
4318	3544
4796	3545
4822	3546
319	3547
348	3548
405	3549
1171	3550
675	3551
2591	3552
3837	3553
1346	3554
1731	3555
2624	3556
61	3557
2080	3558
1274	3559
1303	3560
1473	3561
1754	3562
2338	3563
3335	3564
3706	3565
4286	3566
4298	3567
4642	3568
1593	3569
1976	3570
3680	3571
1244	3572
3648	3573
2146	3574
2603	3575
3172	3576
4538	3577
1715	3578
1944	3579
2826	3580
2868	3581
526	3582
1058	3583
4392	3584
4614	3585
4885	3586
122	3587
618	3588
3603	3589
2283	3590
3047	3591
4121	3592
769	3593
1396	3594
3324	3595
3979	3596
170	3597
247	3598
733	3599
2426	3600
2687	3601
4183	3602
4493	3603
4554	3604
4676	3605
44	3606
146	3607
4528	3608
1783	3609
1099	3610
1875	3611
3223	3612
4478	3613
1528	3614
45	3615
125	3616
803	3617
978	3618
1093	3619
1957	3620
3027	3621
3688	3622
4264	3623
4612	3624
4789	3625
173	3626
258	3627
1775	3628
1984	3629
2697	3630
2662	3631
3813	3632
4044	3633
2905	3634
3163	3635
4315	3636
4208	3637
362	3638
376	3639
670	3640
728	3641
1585	3642
1652	3643
2298	3644
2664	3645
464	3646
1492	3647
1945	3648
2900	3649
3873	3650
301	3651
1153	3652
3045	3653
3913	3654
1309	3655
1658	3656
4251	3657
4009	3658
1302	3659
1644	3660
1741	3661
2334	3662
2511	3663
3895	3664
268	3665
1992	3666
2411	3667
3831	3668
4524	3669
2774	3670
3862	3671
2201	3672
2370	3673
4453	3674
423	3675
965	3676
1101	3677
1500	3678
3108	3679
3624	3680
3653	3681
4203	3682
4430	3683
4535	3684
3453	3685
607	3686
2527	3687
3917	3688
4272	3689
3225	3690
4518	3691
2512	3692
48	3693
317	3694
2566	3695
1974	3696
2777	3697
2837	3698
3058	3699
3992	3700
4043	3701
4435	3702
4530	3703
660	3704
3528	3705
228	3706
821	3707
2854	3708
3943	3709
1635	3710
273	3711
1252	3712
1424	3713
1456	3714
1709	3715
3002	3716
3533	3717
4144	3718
3595	3719
3851	3720
4062	3721
2984	3722
3226	3723
1717	3724
1253	3725
4690	3726
1478	3727
2446	3728
2700	3729
4757	3730
3265	3731
3833	3732
4187	3733
2148	3734
2710	3735
732	3736
1325	3737
3061	3738
346	3739
3828	3740
3907	3741
4393	3742
686	3743
1034	3744
1067	3745
1163	3746
1254	3747
1847	3748
2807	3749
2926	3750
3310	3751
3333	3752
3761	3753
3776	3754
2473	3755
2981	3756
3556	3757
4633	3758
4299	3759
3227	3760
2274	3761
3266	3762
1175	3763
1683	3764
2571	3765
3973	3766
126	3767
691	3768
4761	3769
177	3770
623	3771
2385	3772
3887	3773
1127	3774
1601	3775
1603	3776
2629	3777
4280	3778
249	3779
578	3780
658	3781
749	3782
801	3783
1152	3784
1159	3785
1280	3786
1596	3787
1699	3788
1788	3789
1981	3790
2013	3791
2484	3792
2725	3793
2943	3794
3112	3795
3531	3796
3580	3797
3652	3798
3930	3799
4198	3800
4267	3801
4316	3802
4370	3803
4733	3804
4738	3805
4840	3806
590	3807
1140	3808
2795	3809
2993	3810
1310	3811
3287	3812
1337	3813
4424	3814
844	3815
2894	3816
3414	3817
4210	3818
403	3819
3508	3820
3303	3821
4139	3822
4746	3823
4931	3824
1392	3825
818	3826
1747	3827
2212	3828
1687	3829
4537	3830
364	3831
589	3832
872	3833
2626	3834
2987	3835
3353	3836
4791	3837
4248	3838
1637	3839
3087	3840
56	3841
2607	3842
1990	3843
1813	3844
1842	3845
1995	3846
2365	3847
2797	3848
2838	3849
4149	3850
4898	3851
293	3852
1305	3853
2364	3854
3785	3855
4215	3856
4668	3857
575	3858
1245	3859
3301	3860
1095	3861
4946	3862
1906	3863
4525	3864
2569	3865
166	3866
1021	3867
3468	3868
819	3869
2843	3870
3530	3871
1993	3872
3855	3873
1161	3874
1542	3875
990	3876
914	3877
1744	3878
1832	3879
718	3880
4218	3881
753	3882
1301	3883
2782	3884
3344	3885
3409	3886
4038	3887
4921	3888
3463	3889
2049	3890
2349	3891
4870	3892
4182	3893
1791	3894
4742	3895
332	3896
687	3897
1236	3898
1408	3899
1645	3900
1962	3901
2604	3902
2828	3903
3493	3904
4142	3905
4340	3906
4372	3907
4598	3908
4731	3909
4732	3910
2813	3911
1012	3912
1439	3913
1692	3914
371	3915
535	3916
1039	3917
3361	3918
4013	3919
4078	3920
4082	3921
181	3922
3867	3923
577	3924
635	3925
716	3926
927	3927
1090	3928
1227	3929
2779	3930
2835	3931
3239	3932
3281	3933
3789	3934
4341	3935
4669	3936
4780	3937
4856	3938
3318	3939
4578	3940
3920	3941
283	3942
3875	3943
4328	3944
4812	3945
3681	3946
4508	3947
275	3948
512	3949
789	3950
837	3951
2005	3952
4653	3953
150	3954
2709	3955
4514	3956
4489	3957
1115	3958
1363	3959
1430	3960
3356	3961
4103	3962
2551	3963
3485	3964
4591	3965
2258	3966
2327	3967
899	3968
2376	3969
3019	3970
3499	3971
567	3972
3686	3973
4244	3974
2012	3975
2812	3976
4656	3977
3071	3978
3126	3979
489	3980
2114	3981
3705	3982
4582	3983
4801	3984
2781	3985
3211	3986
4443	3987
4849	3988
902	3989
3866	3990
4421	3991
779	3992
858	3993
4491	3994
230	3995
3759	3996
4096	3997
2158	3998
3622	3999
4960	4000
1138	4001
3044	4002
3858	4003
1790	4004
4369	4005
3560	4006
4297	4007
4106	4008
836	4009
1451	4010
2377	4011
1251	4012
1733	4013
2219	4014
4504	4015
4735	4016
2975	4017
3944	4018
2822	4019
1812	4020
1332	4021
2404	4022
98	4023
1279	4024
1533	4025
2050	4026
2154	4027
2491	4028
2841	4029
3015	4030
3507	4031
3816	4032
4442	4033
746	4034
4617	4035
3280	4036
3143	4037
4185	4038
2803	4039
4609	4040
1636	4041
1879	4042
2739	4043
1953	4044
2912	4045
2999	4046
4592	4047
3564	4048
99	4049
314	4050
1046	4051
3588	4052
4245	4053
4324	4054
1869	4055
2596	4056
2616	4057
4273	4058
2198	4059
2929	4060
739	4061
1727	4062
2839	4063
2418	4064
3111	4065
3484	4066
3085	4067
3167	4068
3020	4069
3121	4070
137	4071
4466	4072
1231	4073
2429	4074
3444	4075
1394	4076
4334	4077
906	4078
3834	4079
2423	4080
3355	4081
2323	4082
400	4083
246	4084
374	4085
1284	4086
1943	4087
1947	4088
3448	4089
2722	4090
996	4091
353	4092
385	4093
2129	4094
175	4095
510	4096
859	4097
1571	4098
2297	4099
3134	4100
2065	4101
2249	4102
4472	4103
4221	4104
594	4105
2309	4106
1858	4107
1481	4108
2574	4109
2992	4110
3013	4111
3340	4112
4519	4113
4646	4114
4851	4115
2719	4116
2964	4117
3230	4118
3911	4119
553	4120
652	4121
1420	4122
3914	4123
1378	4124
2431	4125
3504	4126
3928	4127
4230	4128
4425	4129
4488	4130
4768	4131
4661	4132
4958	4133
2371	4134
70	4135
1014	4136
1410	4137
3474	4138
459	4139
382	4140
4188	4141
2488	4142
451	4143
72	4144
4229	4145
1334	4146
4201	4147
729	4148
3183	4149
637	4150
1941	4151
155	4152
1833	4153
430	4154
2134	4155
3618	4156
802	4157
562	4158
4128	4159
4155	4160
3735	4161
4923	4162
1511	4163
661	4164
1108	4165
1352	4166
2078	4167
4717	4168
3031	4169
4156	4170
554	4171
4782	4172
505	4173
3591	4174
826	4175
3258	4176
4335	4177
1738	4178
2240	4179
4345	4180
3147	4181
3509	4182
2218	4183
3109	4184
2666	4185
3127	4186
3672	4187
4029	4188
1795	4189
2221	4190
3331	4191
2087	4192
3232	4193
465	4194
2449	4195
4813	4196
4226	4197
220	4198
643	4199
1209	4200
1400	4201
3144	4202
3382	4203
3425	4204
4450	4205
1278	4206
1466	4207
455	4208
1531	4209
1737	4210
4730	4211
1431	4212
121	4213
1677	4214
4159	4215
912	4216
2407	4217
2885	4218
3390	4219
3650	4220
3774	4221
4269	4222
4853	4223
1930	4224
3734	4225
1117	4226
1760	4227
2060	4228
2645	4229
3358	4230
4573	4231
3654	4232
3772	4233
3872	4234
959	4235
77	4236
3933	4237
672	4238
2467	4239
2036	4240
2245	4241
2317	4242
4506	4243
976	4244
1195	4245
3422	4246
1497	4247
3357	4248
4809	4249
1758	4250
4359	4251
4426	4252
2623	4253
1946	4254
3050	4255
541	4256
2946	4257
287	4258
4571	4259
214	4260
1077	4261
2234	4262
1316	4263
3924	4264
3082	4265
2995	4266
3669	4267
1989	4268
720	4269
1329	4270
2311	4271
1147	4272
3132	4273
3488	4274
3849	4275
4116	4276
4469	4277
4820	4278
743	4279
2679	4280
2937	4281
3756	4282
4663	4283
3974	4284
1889	4285
1901	4286
4124	4287
4774	4288
2649	4289
2844	4290
377	4291
596	4292
1097	4293
3035	4294
4439	4295
4640	4296
766	4297
1638	4298
1679	4299
1872	4300
2291	4301
2690	4302
4350	4303
136	4304
2724	4305
3398	4306
414	4307
4027	4308
3829	4309
1447	4310
4153	4311
93	4312
1385	4313
1428	4314
2170	4315
3400	4316
3972	4317
4452	4318
570	4319
694	4320
896	4321
1978	4322
2599	4323
3551	4324
85	4325
265	4326
4019	4327
665	4328
4321	4329
320	4330
3236	4331
86	4332
1071	4333
2668	4334
4490	4335
87	4336
1769	4337
3442	4338
2963	4339
2903	4340
1436	4341
1534	4342
2353	4343
655	4344
1707	4345
3138	4346
3174	4347
194	4348
3547	4349
565	4350
3036	4351
1784	4352
2267	4353
2197	4354
3782	4355
4972	4356
3490	4357
3999	4358
4076	4359
550	4360
656	4361
1201	4362
1865	4363
4823	4364
1194	4365
3115	4366
4709	4367
2686	4368
3088	4369
3713	4370
1756	4371
1988	4372
4115	4373
564	4374
1255	4375
2817	4376
285	4377
2847	4378
1415	4379
2758	4380
2790	4381
4268	4382
4664	4383
2493	4384
221	4385
2990	4386
4620	4387
231	4388
4378	4389
4680	4390
3546	4391
2066	4392
4570	4393
4460	4394
115	4395
4085	4396
3263	4397
3527	4398
3611	4399
3521	4400
4895	4401
3135	4402
3882	4403
1031	4404
1033	4405
2524	4406
997	4407
241	4408
1123	4409
3469	4410
3643	4411
3347	4412
703	4413
4302	4414
2880	4415
4845	4416
2815	4417
3958	4418
4850	4419
1625	4420
506	4421
2016	4422
820	4423
134	4424
4326	4425
2043	4426
3498	4427
4515	4428
3152	4429
1224	4430
262	4431
758	4432
1448	4433
2437	4434
4594	4435
1419	4436
954	4437
3330	4438
1409	4439
2547	4440
4636	4441
4981	4442
1360	4443
1714	4444
4955	4445
3787	4446
2341	4447
4046	4448
2853	4449
3955	4450
2507	4451
3666	4452
4888	4453
2443	4454
907	4455
1460	4456
4545	4457
4913	4458
1304	4459
4956	4460
747	4461
4547	4462
106	4463
199	4464
1615	4465
1401	4466
2537	4467
3838	4468
4505	4469
4965	4470
1557	4471
3635	4472
1604	4473
4141	4474
441	4475
1572	4476
2720	4477
3689	4478
4125	4479
391	4480
1282	4481
232	4482
2456	4483
2531	4484
2112	4485
3314	4486
112	4487
1110	4488
3575	4489
4110	4490
880	4491
2186	4492
1380	4493
4386	4494
816	4495
1417	4496
2029	4497
2386	4498
1866	4499
1151	4500
3997	4501
4300	4502
3585	4503
2232	4504
2475	4505
3818	4506
3212	4507
1917	4508
3665	4509
2762	4510
4565	4511
1208	4512
1595	4513
2982	4514
3741	4515
2442	4516
3283	4517
610	4518
3016	4519
3432	4520
4961	4521
1506	4522
4331	4523
2251	4524
2663	4525
3594	4526
4929	4527
2630	4528
4055	4529
1312	4530
2969	4531
1748	4532
4949	4533
852	4534
1786	4535
3695	4536
4601	4537
267	4538
2865	4539
477	4540
1971	4541
3334	4542
272	4543
444	4544
1263	4545
2028	4546
4064	4547
2320	4548
815	4549
1629	4550
3598	4551
4673	4552
4971	4553
2751	4554
178	4555
781	4556
499	4557
1626	4558
3274	4559
1682	4560
4065	4561
4919	4562
485	4563
2522	4564
3218	4565
3971	4566
279	4567
1081	4568
4088	4569
4952	4570
848	4571
200	4572
774	4573
3278	4574
3726	4575
4701	4576
4455	4577
2667	4578
1883	4579
3558	4580
4487	4581
1213	4582
3128	4583
1807	4584
161	4585
2180	4586
3286	4587
4216	4588
2402	4589
2825	4590
4665	4591
734	4592
903	4593
2704	4594
3736	4595
2922	4596
2514	4597
3847	4598
4603	4599
240	4600
1655	4601
1716	4602
1936	4603
1619	4604
2633	4605
4279	4606
1379	4607
1735	4608
3662	4609
830	4610
2715	4611
1719	4612
2899	4613
4569	4614
1770	4615
2676	4616
1654	4617
3141	4618
1336	4619
2006	4620
4718	4621
517	4622
1540	4623
2401	4624
1214	4625
2360	4626
503	4627
2641	4628
2695	4629
831	4630
2434	4631
4496	4632
4611	4633
1970	4634
4556	4635
204	4636
4683	4637
1382	4638
4544	4639
1358	4640
679	4641
1276	4642
2399	4643
2516	4644
1774	4645
2109	4646
1139	4647
1670	4648
3295	4649
131	4650
4873	4651
2506	4652
1871	4653
2263	4654
3465	4655
2977	4656
796	4657
824	4658
3341	4659
4158	4660
817	4661
3166	4662
4278	4663
846	4664
1853	4665
2282	4666
4764	4667
2206	4668
135	4669
1235	4670
2533	4671
2144	4672
4220	4673
138	4674
838	4675
809	4676
1225	4677
1555	4678
3257	4679
407	4680
2980	4681
4354	4682
1851	4683
4909	4684
2997	4685
4944	4686
900	4687
4916	4688
3684	4689
2526	4690
839	4691
2634	4692
794	4693
4161	4694
3072	4695
987	4696
1705	4697
2789	4698
4467	4699
2462	4700
2293	4701
3503	4702
3579	4703
4471	4704
2673	4705
2413	4706
3069	4707
1003	4708
4186	4709
4772	4710
2728	4711
1729	4712
4883	4713
2244	4714
1188	4715
440	4716
3762	4717
4448	4718
1574	4719
2492	4720
439	4721
3670	4722
507	4723
957	4724
3506	4725
923	4726
4500	4727
916	4728
2896	4729
843	4730
3743	4731
454	4732
3663	4733
3196	4734
4353	4735
3976	4736
2314	4737
4476	4738
1840	4739
490	4740
4681	4741
1762	4742
547	4743
963	4744
4342	4745
2968	4746
3081	4747
2632	4748
1502	4749
2304	4750
4204	4751
381	4752
4270	4753
4510	4754
1144	4755
557	4756
2083	4757
1260	4758
3538	4759
3912	4760
3634	4761
1246	4762
3823	4763
560	4764
3327	4765
4440	4766
4123	4767
2702	4768
3043	4769
3989	4770
4667	4771
251	4772
2196	4773
2231	4774
1386	4775
413	4776
3949	4777
2938	4778
4631	4779
3434	4780
529	4781
3991	4782
2656	4783
2759	4784
715	4785
422	4786
1170	4787
1848	4788
2873	4789
4015	4790
4400	4791
3156	4792
966	4793
2830	4794
1047	4795
1952	4796
4194	4797
2746	4798
2948	4799
3892	4800
4080	4801
4133	4802
307	4803
1489	4804
1686	4805
2745	4806
941	4807
3221	4808
4927	4809
2253	4810
2518	4811
2966	4812
2075	4813
2361	4814
1294	4815
1925	4816
2485	4817
2525	4818
2412	4819
4727	4820
4108	4821
2299	4822
4924	4823
289	4824
885	4825
3352	4826
3954	4827
1289	4828
2294	4829
4233	4830
1898	4831
625	4832
3524	4833
1273	4834
1996	4835
398	4836
4196	4837
4483	4838
1549	4839
4710	4840
4095	4841
3707	4842
3852	4843
542	4844
276	4845
1663	4846
929	4847
225	4848
3572	4849
1347	4850
2572	4851
630	4852
628	4853
752	4854
1032	4855
2002	4856
1608	4857
2949	4858
4543	4859
4834	4860
4825	4861
497	4862
297	4863
1106	4864
964	4865
1264	4866
601	4867
3606	4868
1210	4869
878	4870
4477	4871
4384	4872
1125	4873
4338	4874
3566	4875
2858	4876
3697	4877
3865	4878
2333	4879
1666	4880
3589	4881
255	4882
1517	4883
3827	4884
2313	4885
4720	4886
2504	4887
3107	4888
4105	4889
4501	4890
1657	4891
4932	4892
741	4893
1118	4894
4170	4895
1181	4896
1526	4897
2139	4898
617	4899
2564	4900
1116	4901
4950	4902
4260	4903
1228	4904
4552	4905
4662	4906
304	4907
1169	4908
3471	4909
4241	4910
1527	4911
1342	4912
3206	4913
4414	4914
967	4915
460	4916
1200	4917
2088	4918
1773	4919
4284	4920
1649	4921
4327	4922
2071	4923
1838	4924
2501	4925
3682	4926
2940	4927
1518	4928
913	4929
3397	4930
372	4931
2490	4932
388	4933
2740	4934
2829	4935
3502	4936
4838	4937
2578	4938
1288	4939
970	4940
4329	4941
2689	4942
3021	4943
702	4944
3737	4945
4776	4946
2579	4947
2486	4948
2729	4949
2101	4950
1509	4951
1217	4952
1389	4953
2261	4954
4160	4955
3423	4956
4977	4957
3922	4958
2705	4959
3267	4960
1221	4961
4357	4962
3084	4963
579	4964
3041	4965
805	4966
4589	4967
2824	4968
795	4969
4394	4970
3150	4971
2277	4972
3179	4973
3411	4974
1750	4975
2770	4976
3600	4977
2252	4978
4616	4979
1911	4980
1359	4981
